keyword,language,author,twitter_name,create_at,location,text,hashtag,tweets_count,retweet_count,favourite_count,date,time,sentiment
‡∏ú‡∏•‡∏ö‡∏≠‡∏•,th,DadaZapZa,@DaDa_Zap,2022-04-22 12:24:02+00:00,,"‡∏´‡πâ‡∏≤‡∏°‡∏û‡∏•‡∏≤‡∏î!!  ‡πÄ‡∏ß‡πá‡∏ö‡πÅ‡∏ó‡∏á‡∏ö‡∏≠‡∏•‡∏ó‡∏µ‡πà‡∏î‡∏µ‡∏ó‡∏µ‡πà‡∏™‡∏∏‡∏î‡πÉ‡∏ô‡∏õ‡∏£‡∏∞‡πÄ‡∏ó‡∏®
‡πÅ‡∏ó‡∏á‡∏ö‡∏≠‡∏•‡∏Ñ‡∏•‡∏¥‡πä‡∏Å‡πÄ‡∏•‡∏¢üëâüèªhttps://t.co/7kENk4Vj1p
‡πÄ‡∏Ç‡πâ‡∏≤‡πÄ‡∏ß‡πá‡∏ö üëâüèªhttps://t.co/hfYgIVZT8t
‚öΩÔ∏è‡∏£‡∏≤‡∏Ñ‡∏≤‡∏î‡∏µ ‡πÄ‡∏ä‡∏∑‡πà‡∏≠‡∏ñ‡∏∑‡∏≠‡πÑ‡∏î‡πâ ‡∏Ç‡∏±‡πâ‡∏ô‡∏ï‡πà‡∏≥10‡∏ö‡∏≤‡∏ó
‚öΩÔ∏è‡∏ù‡∏≤‡∏Å-‡∏ñ‡∏≠‡∏ô ‡πÇ‡∏≠‡∏ô‡πÑ‡∏ß ‡∏£‡∏∞‡∏ö‡∏ö‡∏≠‡∏≠‡πÇ‡∏ï‡πâ 
#MM88SCR #‡πÄ‡∏ß‡πá‡∏ö‡πÅ‡∏ó‡∏á‡∏ö‡∏≠‡∏• #‡πÅ‡∏ó‡∏á‡∏ö‡∏≠‡∏• #‡πÅ‡∏ó‡∏á‡∏ö‡∏≠‡∏•‡∏≠‡∏≠‡∏ô‡πÑ‡∏•‡∏ô‡πå #‡∏î‡∏π‡∏ö‡∏≠‡∏•‡∏™‡∏î #‡∏î‡∏π‡∏ö‡∏≠‡∏•‡∏ü‡∏£‡∏µ #‡∏ú‡∏•‡∏ö‡∏≠‡∏• #‡πÄ‡∏ß‡πá‡∏ö‡∏ï‡∏£‡∏á #‡∏Ç‡πà‡∏≤‡∏ß‡∏ü‡∏∏‡∏ï‡∏ö‡∏≠‡∏• #‡∏ö‡∏≠‡∏•‡πÑ‡∏ó‡∏¢ https://t.co/8LKaMIqa5a",/MM88SCR/‡πÄ‡∏ß‡πá‡∏ö‡πÅ‡∏ó‡∏á‡∏ö‡∏≠‡∏•/‡πÅ‡∏ó‡∏á‡∏ö‡∏≠‡∏•/‡πÅ‡∏ó‡∏á‡∏ö‡∏≠‡∏•‡∏≠‡∏≠‡∏ô‡πÑ‡∏•‡∏ô‡πå/‡∏î‡∏π‡∏ö‡∏≠‡∏•‡∏™‡∏î/‡∏î‡∏π‡∏ö‡∏≠‡∏•‡∏ü‡∏£‡∏µ/‡∏ú‡∏•‡∏ö‡∏≠‡∏•/‡πÄ‡∏ß‡πá‡∏ö‡∏ï‡∏£‡∏á/‡∏Ç‡πà‡∏≤‡∏ß‡∏ü‡∏∏‡∏ï‡∏ö‡∏≠‡∏•/‡∏ö‡∏≠‡∏•‡πÑ‡∏ó‡∏¢,1,0,0,22/04/2022,12:24,positive
‡∏ú‡∏•‡∏ö‡∏≠‡∏•,th,Da Da,@Dadazapza,2022-04-22 12:22:04+00:00,,"‡∏´‡πâ‡∏≤‡∏°‡∏û‡∏•‡∏≤‡∏î!! ‡∏ö‡∏≠‡∏• ‡πÄ‡∏ß‡πá‡∏ö‡πÅ‡∏ó‡∏á‡∏ö‡∏≠‡∏•‡∏ó‡∏µ‡πà‡∏î‡∏µ‡∏ó‡∏µ‡πà‡∏™‡∏∏‡∏î‡πÉ‡∏ô‡∏õ‡∏£‡∏∞‡πÄ‡∏ó‡∏®
‡πÅ‡∏ó‡∏á‡∏ö‡∏≠‡∏•‡∏Ñ‡∏•‡∏¥‡πä‡∏Å‡πÄ‡∏•‡∏¢üëâüèªhttps://t.co/3B3DZBvN3x
‡πÄ‡∏Ç‡πâ‡∏≤‡πÄ‡∏ß‡πá‡∏ö üëâüèªhttps://t.co/5dT6kD18vR
‚öΩÔ∏è‡∏£‡∏≤‡∏Ñ‡∏≤‡∏î‡∏µ ‡πÄ‡∏ä‡∏∑‡πà‡∏≠‡∏ñ‡∏∑‡∏≠‡πÑ‡∏î‡πâ ‡∏Ç‡∏±‡πâ‡∏ô‡∏ï‡πà‡∏≥10‡∏ö‡∏≤‡∏ó
‚öΩÔ∏è‡∏ù‡∏≤‡∏Å-‡∏ñ‡∏≠‡∏ô ‡πÇ‡∏≠‡∏ô‡πÑ‡∏ß ‡∏£‡∏∞‡∏ö‡∏ö‡∏≠‡∏≠‡πÇ‡∏ï‡πâ 
#MM88SCR #‡πÄ‡∏ß‡πá‡∏ö‡πÅ‡∏ó‡∏á‡∏ö‡∏≠‡∏• #‡πÅ‡∏ó‡∏á‡∏ö‡∏≠‡∏• #‡πÅ‡∏ó‡∏á‡∏ö‡∏≠‡∏•‡∏≠‡∏≠‡∏ô‡πÑ‡∏•‡∏ô‡πå #‡∏î‡∏π‡∏ö‡∏≠‡∏•‡∏™‡∏î #‡∏î‡∏π‡∏ö‡∏≠‡∏•‡∏ü‡∏£‡∏µ #‡∏ú‡∏•‡∏ö‡∏≠‡∏• #‡πÄ‡∏ß‡πá‡∏ö‡∏ï‡∏£‡∏á #‡∏Ç‡πà‡∏≤‡∏ß‡∏ü‡∏∏‡∏ï‡∏ö‡∏≠‡∏• #‡∏ö‡∏≠‡∏•‡πÑ‡∏ó‡∏¢ https://t.co/sB8Yco0F3r",/MM88SCR/‡πÄ‡∏ß‡πá‡∏ö‡πÅ‡∏ó‡∏á‡∏ö‡∏≠‡∏•/‡πÅ‡∏ó‡∏á‡∏ö‡∏≠‡∏•/‡πÅ‡∏ó‡∏á‡∏ö‡∏≠‡∏•‡∏≠‡∏≠‡∏ô‡πÑ‡∏•‡∏ô‡πå/‡∏î‡∏π‡∏ö‡∏≠‡∏•‡∏™‡∏î/‡∏î‡∏π‡∏ö‡∏≠‡∏•‡∏ü‡∏£‡∏µ/‡∏ú‡∏•‡∏ö‡∏≠‡∏•/‡πÄ‡∏ß‡πá‡∏ö‡∏ï‡∏£‡∏á/‡∏Ç‡πà‡∏≤‡∏ß‡∏ü‡∏∏‡∏ï‡∏ö‡∏≠‡∏•/‡∏ö‡∏≠‡∏•‡πÑ‡∏ó‡∏¢,1,0,0,22/04/2022,12:22,positive
‡∏ú‡∏•‡∏ö‡∏≠‡∏•,th,‡∏ô‡∏≤‡∏á‡∏ü‡πâ‡∏≤ ‡∏î‡∏≤‡∏î‡πâ‡∏≤,@a_nangfa,2022-04-22 12:19:57+00:00,,"‡∏´‡πâ‡∏≤‡∏°‡∏û‡∏•‡∏≤‡∏î!! ‡∏ö‡∏≠‡∏• ‡πÄ‡∏ß‡πá‡∏ö‡πÅ‡∏ó‡∏á‡∏ö‡∏≠‡∏•‡∏ó‡∏µ‡πà‡∏î‡∏µ‡∏ó‡∏µ‡πà‡∏™‡∏∏‡∏î‡πÉ‡∏ô‡∏õ‡∏£‡∏∞‡πÄ‡∏ó‡∏®
‡πÅ‡∏ó‡∏á‡∏ö‡∏≠‡∏•‡∏Ñ‡∏•‡∏¥‡πä‡∏Å‡πÄ‡∏•‡∏¢üëâüèªhttps://t.co/7YQLi7iJ7O
‡πÄ‡∏Ç‡πâ‡∏≤‡πÄ‡∏ß‡πá‡∏ö üëâüèªhttps://t.co/kybtXmW5xp
‚öΩÔ∏è‡∏£‡∏≤‡∏Ñ‡∏≤‡∏î‡∏µ ‡πÄ‡∏ä‡∏∑‡πà‡∏≠‡∏ñ‡∏∑‡∏≠‡πÑ‡∏î‡πâ ‡∏Ç‡∏±‡πâ‡∏ô‡∏ï‡πà‡∏≥10‡∏ö‡∏≤‡∏ó
‚öΩÔ∏è‡∏ù‡∏≤‡∏Å-‡∏ñ‡∏≠‡∏ô ‡πÇ‡∏≠‡∏ô‡πÑ‡∏ß ‡∏£‡∏∞‡∏ö‡∏ö‡∏≠‡∏≠‡πÇ‡∏ï‡πâ 
#MM88SCR #‡πÄ‡∏ß‡πá‡∏ö‡πÅ‡∏ó‡∏á‡∏ö‡∏≠‡∏• #‡πÅ‡∏ó‡∏á‡∏ö‡∏≠‡∏• #‡πÅ‡∏ó‡∏á‡∏ö‡∏≠‡∏•‡∏≠‡∏≠‡∏ô‡πÑ‡∏•‡∏ô‡πå #‡∏î‡∏π‡∏ö‡∏≠‡∏•‡∏™‡∏î #‡∏î‡∏π‡∏ö‡∏≠‡∏•‡∏ü‡∏£‡∏µ #‡∏ú‡∏•‡∏ö‡∏≠‡∏• #‡πÄ‡∏ß‡πá‡∏ö‡∏ï‡∏£‡∏á #‡∏Ç‡πà‡∏≤‡∏ß‡∏ü‡∏∏‡∏ï‡∏ö‡∏≠‡∏• #‡∏ö‡∏≠‡∏•‡πÑ‡∏ó‡∏¢ https://t.co/7fOz2L3ho5",/MM88SCR/‡πÄ‡∏ß‡πá‡∏ö‡πÅ‡∏ó‡∏á‡∏ö‡∏≠‡∏•/‡πÅ‡∏ó‡∏á‡∏ö‡∏≠‡∏•/‡πÅ‡∏ó‡∏á‡∏ö‡∏≠‡∏•‡∏≠‡∏≠‡∏ô‡πÑ‡∏•‡∏ô‡πå/‡∏î‡∏π‡∏ö‡∏≠‡∏•‡∏™‡∏î/‡∏î‡∏π‡∏ö‡∏≠‡∏•‡∏ü‡∏£‡∏µ/‡∏ú‡∏•‡∏ö‡∏≠‡∏•/‡πÄ‡∏ß‡πá‡∏ö‡∏ï‡∏£‡∏á/‡∏Ç‡πà‡∏≤‡∏ß‡∏ü‡∏∏‡∏ï‡∏ö‡∏≠‡∏•/‡∏ö‡∏≠‡∏•‡πÑ‡∏ó‡∏¢,1,0,0,22/04/2022,12:19,positive
‡∏ú‡∏•‡∏ö‡∏≠‡∏•,th,A,@A96633248,2022-04-22 08:24:08+00:00,‡∏õ‡∏£‡∏∞‡πÄ‡∏ó‡∏®‡πÑ‡∏ó‡∏¢,"‚öΩ ‡πÅ‡∏ô‡∏ß‡∏ó‡∏≤‡∏á‡∏ß‡∏±‡∏ô‡∏ô‡∏µ‡πâ

üì± ‡∏ï‡∏¥‡∏î‡∏ï‡∏≤‡∏° &gt;&gt;&gt; https://t.co/v5FFxk0rmt

#‡∏ú‡∏•‡∏ö‡∏≠‡∏• #‡∏ö‡∏≠‡∏•‡∏™‡πÄ‡∏ï‡πá‡∏õ #‡∏ö‡∏≠‡∏•‡∏™‡∏î #‡∏ü‡∏∏‡∏ï‡∏ö‡∏≠‡∏• #‡∏ö‡∏≠‡∏•‡πÄ‡∏ï‡πá‡∏á #‡∏ö‡∏≠‡∏•‡∏ß‡∏±‡∏ô‡∏ô‡∏µ‡πâ #‡∏ó‡∏µ‡πÄ‡∏î‡πá‡∏î‡∏ü‡∏∏‡∏ï‡∏ö‡∏≠‡∏• #‡∏ö‡πâ‡∏≤‡∏ô‡∏ú‡∏•‡∏ö‡∏≠‡∏• #‡πÅ‡∏°‡∏ô‡∏¢‡∏π #‡∏•‡∏¥‡πÄ‡∏ß‡∏≠‡∏£‡πå‡∏û‡∏π‡∏• #‡πÅ‡∏°‡∏ô‡∏ã‡∏¥‡∏ï‡∏µ‡πâ #‡πÄ‡∏ä‡∏•‡∏ã‡∏µ https://t.co/izOhMytGvL",/‡∏ú‡∏•‡∏ö‡∏≠‡∏•/‡∏ö‡∏≠‡∏•‡∏™‡πÄ‡∏ï‡πá‡∏õ/‡∏ö‡∏≠‡∏•‡∏™‡∏î/‡∏ü‡∏∏‡∏ï‡∏ö‡∏≠‡∏•/‡∏ö‡∏≠‡∏•‡πÄ‡∏ï‡πá‡∏á/‡∏ö‡∏≠‡∏•‡∏ß‡∏±‡∏ô‡∏ô‡∏µ‡πâ/‡∏ó‡∏µ‡πÄ‡∏î‡πá‡∏î‡∏ü‡∏∏‡∏ï‡∏ö‡∏≠‡∏•/‡∏ö‡πâ‡∏≤‡∏ô‡∏ú‡∏•‡∏ö‡∏≠‡∏•/‡πÅ‡∏°‡∏ô‡∏¢‡∏π/‡∏•‡∏¥‡πÄ‡∏ß‡∏≠‡∏£‡πå‡∏û‡∏π‡∏•/‡πÅ‡∏°‡∏ô‡∏ã‡∏¥‡∏ï‡∏µ‡πâ/‡πÄ‡∏ä‡∏•‡∏ã‡∏µ,1,0,0,22/04/2022,08:24,positive
‡∏ú‡∏•‡∏ö‡∏≠‡∏•,th,Kapookdotcom,@kapookdotcom,2022-04-22 01:04:11+00:00,"Bangkok, Thailand","‡∏ö‡∏≤‡∏£‡πå‡πÄ‡∏ã‡πÇ‡∏•‡∏ô‡πà‡∏≤ ‡πÑ‡∏î‡πâ‡∏õ‡∏£‡∏∞‡∏ï‡∏π‡πÇ‡∏ó‡∏ô‡∏à‡∏≤‡∏Å ‡∏õ‡∏¥‡πÅ‡∏≠‡∏£‡πå-‡πÄ‡∏≠‡πÄ‡∏°‡∏£‡∏¥‡∏Ñ ‡πÇ‡∏≠‡∏ö‡∏≤‡πÄ‡∏°‡∏¢‡∏≠‡∏á ‡∏ö‡∏∏‡∏Å‡πÑ‡∏õ‡πÄ‡∏â‡∏∑‡∏≠‡∏ô ‡πÄ‡∏£‡∏≠‡∏±‡∏• ‡πÇ‡∏ã‡πÄ‡∏ã‡∏µ‡∏¢‡∏î‡∏≤‡∏î 1-0 ‡πÉ‡∏ô‡∏®‡∏∂‡∏Å ‡∏•‡∏≤ ‡∏•‡∏µ‡∏Å‡∏≤ ‡∏™‡πÄ‡∏õ‡∏ô

https://t.co/8nvwMKy9FI

#‡∏ú‡∏•‡∏ö‡∏≠‡∏•
https://t.co/7eZWKYj2QM https://t.co/xdAjeRyvIR",/‡∏ú‡∏•‡∏ö‡∏≠‡∏•,1,0,2,22/04/2022,01:04,neutral
‡∏ú‡∏•‡∏ö‡∏≠‡∏•,th,TV5HD ONLINE,@Tv5hdOnline,2022-04-22 00:59:39+00:00,‡∏Ç‡πà‡∏≤‡∏ß,"‡∏ü‡∏∏‡∏ï‡∏ö‡∏≠‡∏• ‡∏•‡∏≤‡∏•‡∏µ‡∏Å‡∏≤ ‡∏™‡πÄ‡∏õ‡∏ô
üî¥‡πÄ‡∏•‡∏ö‡∏±‡∏ô‡πÄ‡∏ï‡πâ ‡πÅ‡∏û‡πâ  ‡πÄ‡∏ã‡∏ö‡∏µ‡∏¢‡πà‡∏≤ 2 : 3
üü†‡πÄ‡∏≠‡∏™‡∏õ‡∏±‡∏ô‡∏ç‡πà‡∏≠‡∏• ‡πÅ‡∏û‡πâ ‡∏£‡∏≤‡πÇ‡∏¢ ‡∏ö‡∏≤‡πÄ‡∏¢‡∏Å‡∏≤‡πÇ‡∏ô‡πà 0 : 1
üîµ‡∏Å‡∏≤‡∏î‡∏¥‡∏ã ‡πÅ‡∏û‡πâ ‡πÅ‡∏≠‡∏ò‡πÄ‡∏•‡∏ï‡∏¥‡∏Å ‡∏ö‡∏¥‡∏•‡πÄ‡∏ö‡∏≤ ‡∏ó‡∏µ‡πà‡πÄ‡∏´‡∏•‡∏∑‡∏≠ 10 ‡∏Ñ‡∏ô 2 : 3 
üü†‡∏ö‡∏≤‡∏£‡πå‡πÄ‡∏ã‡πÇ‡∏•‡∏ô‡πà‡∏≤ ‡∏ö‡∏∏‡∏Å‡∏ä‡∏ô‡∏∞ ‡πÄ‡∏£‡∏≠‡∏±‡∏• ‡πÇ‡∏ã‡πÄ‡∏ã‡∏µ‡∏¢‡∏î‡∏≤‡∏î 1 : 0 ‡∏ó‡∏≥‡πÉ‡∏´‡πâ‡∏ö‡∏≤‡∏£‡πå‡∏ã‡πà‡∏≤‡∏°‡∏µ‡πÄ‡∏û‡∏¥‡πà‡∏°‡πÄ‡∏õ‡πá‡∏ô 63 ‡∏Ñ‡∏∞‡πÅ‡∏ô‡∏ô ‡∏Ç‡∏¢‡∏±‡∏ö‡∏Ç‡∏∂‡πâ‡∏ô‡πÄ‡∏õ‡πá‡∏ô‡∏£‡∏≠‡∏á‡∏à‡πà‡∏≤‡∏ù‡∏π‡∏á 
#TV5HDONLINE #‡∏ú‡∏•‡∏ö‡∏≠‡∏•",/TV5HDONLINE/‡∏ú‡∏•‡∏ö‡∏≠‡∏•,2,1,2,22/04/2022,00:59,negative
‡∏ú‡∏•‡∏ö‡∏≠‡∏•,th,‡∏ó‡∏µ‡πÄ‡∏î‡πá‡∏î‡∏ñ‡∏•‡πà‡∏°‡πÇ‡∏ï‡πä‡∏∞(@arto888),@arto8883,2022-04-22 00:21:01+00:00,,"‚öΩÔ∏è‡∏ú‡∏•‡∏Å‡∏≤‡∏£‡πÅ‡∏Ç‡πà‡∏á‡∏Ç‡∏±‡∏ô‡∏ü‡∏∏‡∏ï‡∏ö‡∏≠‡∏•‡πÅ‡∏•‡∏∞‡∏ó‡∏µ‡πÄ‡∏î‡πá‡∏î‚öΩÔ∏è
‡∏õ‡∏£‡∏∞‡∏à‡∏≥‡∏ß‡∏±‡∏ô ‡∏ó‡∏µ‡πà 21 ‡πÄ‡∏°‡∏©‡∏≤‡∏¢‡∏ô 2565

‚úÖ‡∏£‡πà‡∏ß‡∏°‡πÄ‡∏ä‡∏µ‡∏¢‡∏£‡πå‡∏•‡∏∏‡πâ‡∏ô‡∏ú‡∏•‡∏Å‡∏±‡∏ô‡∏ó‡∏∏‡∏Å‡∏ß‡∏±‡∏ô ‡∏ó‡∏µ‡πà‡∏ô‡∏µ‡πà‚úÖ
""‡∏Å‡∏µ‡∏¨‡∏≤ ‡πÄ‡∏Å‡∏°‡∏™‡πå ‡∏Ñ‡∏£‡∏ö ‡∏à‡∏ö‡πÉ‡∏ô‡∏ó‡∏µ‡πà‡πÄ‡∏î‡∏µ‡∏¢‡∏ß""
‡πÅ‡∏≠‡∏î‡πÑ‡∏•‡∏ô‡πå‡∏°‡∏≤‡∏ó‡∏µ‡πà arto888 (‡πÉ‡∏™‡πà@‡∏î‡πâ‡∏ß‡∏¢‡∏ô‡∏∞‡∏Ñ‡∏∞)
#‡πÇ‡∏õ‡∏£‡πÅ‡∏Å‡∏£‡∏°‡∏ö‡∏≠‡∏• #‡∏≠‡∏≤‡∏£‡πå‡πÇ‡∏ï‡πä‡∏∞‡∏ñ‡∏•‡πà‡∏°‡πÇ‡∏ï‡πä‡∏∞ #‡∏ú‡∏•‡∏ö‡∏≠‡∏• https://t.co/3m8WexLcBd",/‡πÇ‡∏õ‡∏£‡πÅ‡∏Å‡∏£‡∏°‡∏ö‡∏≠‡∏•/‡∏≠‡∏≤‡∏£‡πå‡πÇ‡∏ï‡πä‡∏∞‡∏ñ‡∏•‡πà‡∏°‡πÇ‡∏ï‡πä‡∏∞/‡∏ú‡∏•‡∏ö‡∏≠‡∏•,1,0,4,22/04/2022,00:21,neutral
