keyword,language,word,count_word,date
โรนัลโด้,th,โรนัลโด้,15,24/04/2022
โรนัลโด้,th,ลีก,11,24/04/2022
โรนัลโด้,th,ยิง,9,24/04/2022
โรนัลโด้,th,ค,7,24/04/2022
โรนัลโด้,th,ประตู,7,24/04/2022
โรนัลโด้,th,พรีเมียร์,7,24/04/2022
โรนัลโด้,th,ริ,7,24/04/2022
โรนัลโด้,th,ทีม,5,24/04/2022
โรนัลโด้,th,บอล,5,24/04/2022
โรนัลโด้,th,ยูไนเต็ด,5,24/04/2022
โรนัลโด้,en,cr,5,24/04/2022
โรนัลโด้,th,อาร์เซน่อล,5,24/04/2022
โรนัลโด้,th,โน่,5,24/04/2022
โรนัลโด้,th,เกม,4,24/04/2022
โรนัลโด้,th,นักเตะ,4,24/04/2022
โรนัลโด้,th,แมนเชสเตอร์,4,24/04/2022
โรนัลโด้,th,แดง,4,24/04/2022
โรนัลโด้,th,ปีศาจ,4,24/04/2022
โรนัลโด้,th,สเตียโน่,4,24/04/2022
โรนัลโด้,th,อังกฤษ,4,24/04/2022
โรนัลโด้,th,ดู,4,24/04/2022
โรนัลโด้,th,อา,3,24/04/2022
โรนัลโด้,th,สติ,3,24/04/2022
โรนัลโด้,th,ฤดูกาล,3,24/04/2022
โรนัลโด้,th,เจ้าตัว,3,24/04/2022
โรนัลโด้,th,ลี,3,24/04/2022
โรนัลโด้,th,ลูก,3,24/04/2022
โรนัลโด้,th,ลูกชาย,3,24/04/2022
โรนัลโด้,th,ทำเนียบ,3,24/04/2022
โรนัลโด้,th,ลา,3,24/04/2022
โรนัลโด้,th,ชาติ,3,24/04/2022
โรนัลโด้,th,คน,3,24/04/2022
โรนัลโด้,th,ซัด,3,24/04/2022
โรนัลโด้,th,์,2,24/04/2022
โรนัลโด้,th,รัง,2,24/04/2022
โรนัลโด้,th,พ่าย,2,24/04/2022
โรนัลโด้,th,ฟรี,2,24/04/2022
โรนัลโด้,th,ยิงประตู,2,24/04/2022
โรนัลโด้,th,ยู,2,24/04/2022
โรนัลโด้,th,เลือก,2,24/04/2022
โรนัลโด้,th,รู,2,24/04/2022
โรนัลโด้,th,แมนเชสเตอร์ยูไนเต็ด,2,24/04/2022
โรนัลโด้,th,คู่,2,24/04/2022
โรนัลโด้,th,เด,2,24/04/2022
โรนัลโด้,th,ก้า,2,24/04/2022
โรนัลโด้,th,ส,2,24/04/2022
โรนัลโด้,th,สด,2,24/04/2022
โรนัลโด้,th,สนาม,2,24/04/2022
โรนัลโด้,th,บุก,2,24/04/2022
โรนัลโด้,th,ฟ้า,2,24/04/2022
โรนัลโด้,th,น,2,24/04/2022
โรนัลโด้,th,ใส่,2,24/04/2022
โรนัลโด้,th,ทะลุ,2,24/04/2022
โรนัลโด้,th,แอน,1,24/04/2022
โรนัลโด้,th,เก,1,24/04/2022
โรนัลโด้,th,เผย,1,24/04/2022
โรนัลโด้,en,liveball,1,24/04/2022
โรนัลโด้,th,เปลี่ยนรูป,1,24/04/2022
โรนัลโด้,th,เท,1,24/04/2022
โรนัลโด้,th,เตะ,1,24/04/2022
โรนัลโด้,th,โร่,1,24/04/2022
โรนัลโด้,th,โอ,1,24/04/2022
โรนัลโด้,en,shotongoal,1,24/04/2022
โรนัลโด้,th,เข้าสู่,1,24/04/2022
โรนัลโด้,th,ก,1,24/04/2022
โรนัลโด้,th,ไข่,1,24/04/2022
โรนัลโด้,th,เมษายน,1,24/04/2022
โรนัลโด้,th,ฮากกา,1,24/04/2022
โรนัลโด้,th,ไล่,1,24/04/2022
โรนัลโด้,th,ฮา,1,24/04/2022
โรนัลโด้,th,อเล,1,24/04/2022
โรนัลโด้,th,ไอ้,1,24/04/2022
โรนัลโด้,th,อุทิศ,1,24/04/2022
โรนัลโด้,th,กัปตัน,1,24/04/2022
โรนัลโด้,th,กา,1,24/04/2022
โรนัลโด้,th,อัล,1,24/04/2022
โรนัลโด้,th,การ์ด,1,24/04/2022
โรนัลโด้,th,อะ,1,24/04/2022
โรนัลโด้,th,อ,1,24/04/2022
โรนัลโด้,th,หา,1,24/04/2022
โรนัลโด้,th,เมน,1,24/04/2022
โรนัลโด้,th,โม,1,24/04/2022
โรนัลโด้,en,mutd,1,24/04/2022
โรนัลโด้,th,แข้ง,1,24/04/2022
โรนัลโด้,th,โช่,1,24/04/2022
โรนัลโด้,th,แมนยูฯ,1,24/04/2022
โรนัลโด้,th,แมน,1,24/04/2022
โรนัลโด้,th,แฟร์,1,24/04/2022
โรนัลโด้,th,แฟน,1,24/04/2022
โรนัลโด้,th,แทน,1,24/04/2022
โรนัลโด้,th,แตก,1,24/04/2022
โรนัลโด้,th,แด่,1,24/04/2022
โรนัลโด้,th,โดร,1,24/04/2022
โรนัลโด้,en,muthai,1,24/04/2022
โรนัลโด้,th,แชมเปี้ยนส์,1,24/04/2022
โรนัลโด้,th,แจ้ง,1,24/04/2022
โรนัลโด้,th,โทษ,1,24/04/2022
โรนัลโด้,th,เมื่อไม่นานมานี้,1,24/04/2022
โรนัลโด้,en,mufc,1,24/04/2022
โรนัลโด้,th,เอิง,1,24/04/2022
โรนัลโด้,th,เอาชนะ,1,24/04/2022
โรนัลโด้,th,เอมิเรตส์,1,24/04/2022
โรนัลโด้,th,หลีก,1,24/04/2022
โรนัลโด้,th,เว็บ,1,24/04/2022
โรนัลโด้,th,เวน,1,24/04/2022
โรนัลโด้,th,เวที,1,24/04/2022
โรนัลโด้,th,โปรตุเกส,1,24/04/2022
โรนัลโด้,th,เล่น,1,24/04/2022
โรนัลโด้,th,โปรไฟล์,1,24/04/2022
โรนัลโด้,th,เร,1,24/04/2022
โรนัลโด้,th,หัวค่ำ,1,24/04/2022
โรนัลโด้,th,ตั้ม,1,24/04/2022
โรนัลโด้,th,หลัก,1,24/04/2022
โรนัลโด้,th,นิ้ว,1,24/04/2022
โรนัลโด้,th,พ่อ,1,24/04/2022
โรนัลโด้,th,พร้อมใจกัน,1,24/04/2022
โรนัลโด้,th,ชอบ,1,24/04/2022
โรนัลโด้,th,ปืนใหญ่,1,24/04/2022
โรนัลโด้,th,ปัญหา,1,24/04/2022
โรนัลโด้,th,ปรับตัว,1,24/04/2022
โรนัลโด้,th,ประวัติศาสตร์,1,24/04/2022
โรนัลโด้,th,ชี้นิ้ว,1,24/04/2022
โรนัลโด้,th,ปรบมือ,1,24/04/2022
โรนัลโด้,th,บ้าน,1,24/04/2022
โรนัลโด้,th,บุนเดสลีกา,1,24/04/2022
โรนัลโด้,th,ชู,1,24/04/2022
โรนัลโด้,th,บ,1,24/04/2022
โรนัลโด้,th,นิค,1,24/04/2022
โรนัลโด้,th,ฟิลด์,1,24/04/2022
โรนัลโด้,th,นิ,1,24/04/2022
โรนัลโด้,th,นาที,1,24/04/2022
โรนัลโด้,th,นา,1,24/04/2022
โรนัลโด้,th,นัด,1,24/04/2022
โรนัลโด้,th,ที่ผ่านมา,1,24/04/2022
โรนัลโด้,th,ที่จะ,1,24/04/2022
โรนัลโด้,th,ซูเปอร์สตาร์,1,24/04/2022
โรนัลโด้,th,ดาว,1,24/04/2022
โรนัลโด้,th,ทำ,1,24/04/2022
โรนัลโด้,th,ทา,1,24/04/2022
โรนัลโด้,th,ต้นสังกัด,1,24/04/2022
โรนัลโด้,th,ตุ,1,24/04/2022
โรนัลโด้,th,ตีเสมอ,1,24/04/2022
โรนัลโด้,th,ฟิต,1,24/04/2022
โรนัลโด้,th,ฟุตบอล,1,24/04/2022
โรนัลโด้,th,หน้า,1,24/04/2022
โรนัลโด้,th,ว,1,24/04/2022
โรนัลโด้,th,หนู,1,24/04/2022
โรนัลโด้,th,สเตเดี้ยม,1,24/04/2022
โรนัลโด้,th,กำลังใจ,1,24/04/2022
โรนัลโด้,th,สัมภาษณ์,1,24/04/2022
โรนัลโด้,th,สัง,1,24/04/2022
โรนัลโด้,th,สวรรค์,1,24/04/2022
โรนัลโด้,th,สร้าง,1,24/04/2022
โรนัลโด้,th,ตี,1,24/04/2022
โรนัลโด้,th,สถิติ,1,24/04/2022
โรนัลโด้,th,กุนซือ,1,24/04/2022
โรนัลโด้,th,สกอร์,1,24/04/2022
โรนัลโด้,th,วางแผน,1,24/04/2022
โรนัลโด้,th,วันที่,1,24/04/2022
โรนัลโด้,th,ลุกขึ้น,1,24/04/2022
โรนัลโด้,th,มอบ,1,24/04/2022
โรนัลโด้,th,ความสวยงาม,1,24/04/2022
โรนัลโด้,en,ig,1,24/04/2022
โรนัลโด้,th,งบ,1,24/04/2022
โรนัลโด้,th,รูป,1,24/04/2022
โรนัลโด้,th,จบเกม,1,24/04/2022
โรนัลโด้,th,ราล์ฟ,1,24/04/2022
โรนัลโด้,th,รายการ,1,24/04/2022
โรนัลโด้,th,รณ,1,24/04/2022
โรนัลโด้,th,ร,1,24/04/2022
โรนัลโด้,th,จากไป,1,24/04/2022
โรนัลโด้,th,ยุโรป,1,24/04/2022
โรนัลโด้,th,จุดโทษ,1,24/04/2022
โรนัลโด้,th,มาดริด,1,24/04/2022
โรนัลโด้,th,สนใจ,1,24/04/2022
