keyword,hashtag,count_hashtag,date
#football,football,1026,25/04/2022
#football,nfl,276,25/04/2022
#football,nflfans,184,25/04/2022
#football,soccer,103,25/04/2022
#football,sports,75,25/04/2022
#football,premierleague,56,25/04/2022
#football,nfldraft,38,25/04/2022
#football,sport,34,25/04/2022
#football,mens,30,25/04/2022
#football,news,29,25/04/2022
#football,epl,29,25/04/2022
#football,basketball,26,25/04/2022
#football,nba,26,25/04/2022
#football,utility,21,25/04/2022
#football,tennis,21,25/04/2022
#football,mandox,21,25/04/2022
#football,mandoxcreate,21,25/04/2022
#football,game,20,25/04/2022
#football,golf,20,25/04/2022
#football,manchesterunited,20,25/04/2022
#football,artist,19,25/04/2022
#football,team,19,25/04/2022
#football,baseball,19,25/04/2022
#football,podcast,19,25/04/2022
#football,betting,19,25/04/2022
#football,x,19,25/04/2022
#football,pop,18,25/04/2022
#football,bettingtips,18,25/04/2022
#football,vintage,18,25/04/2022
#football,rock,18,25/04/2022
#football,championsleague,17,25/04/2022
#football,liverpool,17,25/04/2022
#football,fifa,16,25/04/2022
#football,futbol,16,25/04/2022
#football,nft,16,25/04/2022
#football,new,15,25/04/2022
#football,love,15,25/04/2022
#football,gamblingtwitter,14,25/04/2022
#football,mlb,14,25/04/2022
#football,nhl,14,25/04/2022
#football,manutd,14,25/04/2022
#football,jobs,13,25/04/2022
#football,elonmusk,13,25/04/2022
#football,with,13,25/04/2022
#football,inplay,13,25/04/2022
#football,photography,13,25/04/2022
#football,nfldraft2022,13,25/04/2022
#football,cornhole,13,25/04/2022
#football,hiring,13,25/04/2022
#football,ucl,12,25/04/2022
#football,goals,12,25/04/2022
#football,leeds,12,25/04/2022
#football,crystalpalace,12,25/04/2022
#football,nfltwitter,11,25/04/2022
#football,muchlove,11,25/04/2022
#football,sportscards,11,25/04/2022
#football,business,11,25/04/2022
#football,music,11,25/04/2022
#football,lawenforcement,11,25/04/2022
#football,art,11,25/04/2022
#football,york,11,25/04/2022
#football,footballalberta,11,25/04/2022
#football,peace,11,25/04/2022
#football,seniorbowlsouth,11,25/04/2022
#football,seniorbowl,11,25/04/2022
#football,footballalta,11,25/04/2022
#football,giveaway,10,25/04/2022
#football,levitating,10,25/04/2022
#football,playstation,10,25/04/2022
#football,pegasus,10,25/04/2022
#football,bets,10,25/04/2022
#football,messi,10,25/04/2022
#football,realmadrid,10,25/04/2022
#football,scouting,10,25/04/2022
#football,rotating,10,25/04/2022
#football,black,10,25/04/2022
#football,bnb,10,25/04/2022
#football,blues,10,25/04/2022
#football,hover,10,25/04/2022
#football,ncaa,10,25/04/2022
#football,writerslift,10,25/04/2022
#football,autographed,10,25/04/2022
#football,leedsunited,10,25/04/2022
#football,vinyl,10,25/04/2022
#football,crylee,10,25/04/2022
#football,tipster,10,25/04/2022
#football,manchester,10,25/04/2022
#football,fifa22,10,25/04/2022
#football,south2022,10,25/04/2022
#football,pl,10,25/04/2022
#football,guitar,9,25/04/2022
#football,arsenal,9,25/04/2022
#football,photo,9,25/04/2022
#football,band,9,25/04/2022
#football,nfts,9,25/04/2022
#football,jazz,9,25/04/2022
#football,nationalfootballleague,9,25/04/2022
#football,psg,9,25/04/2022
#football,games,9,25/04/2022
#football,transfers,9,25/04/2022
#football,lp,9,25/04/2022
#football,country,9,25/04/2022
#football,song,9,25/04/2022
#football,london,9,25/04/2022
#football,album,9,25/04/2022
#football,coach,9,25/04/2022
#football,city,9,25/04/2022
#football,chelsea,9,25/04/2022
#football,rocknroll,9,25/04/2022
#football,records,9,25/04/2022
#football,rap,9,25/04/2022
#football,juventus,9,25/04/2022
#football,line,9,25/04/2022
#football,antique,9,25/04/2022
#football,pro,9,25/04/2022
#football,cricket,9,25/04/2022
#football,chicagobears,8,25/04/2022
#football,nationalfootballconference,8,25/04/2022
#football,white,8,25/04/2022
#football,fantasyfootball,8,25/04/2022
#football,denco,8,25/04/2022
#football,sportsbetting,8,25/04/2022
#football,mondaymotivation,8,25/04/2022
#football,seriea,8,25/04/2022
#football,atlantafalcons,8,25/04/2022
#football,footballmanager,8,25/04/2022
#football,ronaldo,8,25/04/2022
#football,rangers,8,25/04/2022
#football,manunited,8,25/04/2022
#football,mufc,8,25/04/2022
#football,manchestercity,7,25/04/2022
#football,jpl,7,25/04/2022
#football,lovethegame,7,25/04/2022
#football,jamaicapremierleague,7,25/04/2022
#football,legends,7,25/04/2022
#football,lfc,7,25/04/2022
#football,ethereum,7,25/04/2022
#football,nike,7,25/04/2022
#football,highschool,7,25/04/2022
#football,carryon,7,25/04/2022
#football,walkingfootball,7,25/04/2022
#football,contest,7,25/04/2022
#football,pittsburghsteelers,7,25/04/2022
#football,prize,7,25/04/2022
#football,proline,7,25/04/2022
#football,ps4,7,25/04/2022
#football,competition,7,25/04/2022
#football,pullupachair,7,25/04/2022
#football,seattleseahawks,7,25/04/2022
#football,shorts,7,25/04/2022
#football,bettingpicks,7,25/04/2022
#football,imperial,6,25/04/2022
#football,cpfc,6,25/04/2022
#football,coaching,6,25/04/2022
#football,champions,6,25/04/2022
#football,collegefootball,6,25/04/2022
#football,fitness,6,25/04/2022
#football,digitalasset,6,25/04/2022
#football,facup,6,25/04/2022
#football,fifa21,6,25/04/2022
#football,fifakom,6,25/04/2022
#football,gamer,6,25/04/2022
#football,bestgoals,6,25/04/2022
#football,goal,6,25/04/2022
#football,gym,6,25/04/2022
#football,nba75,6,25/04/2022
#football,boys,6,25/04/2022
#football,live,6,25/04/2022
#football,ÿßŸáÿØÿßŸÅ_ÿπÿßŸÑŸÖŸäŸá,6,25/04/2022
#football,quiz,6,25/04/2022
#football,rarible,6,25/04/2022
#football,southafrica,6,25/04/2022
#football,stream,6,25/04/2022
#football,ultra,6,25/04/2022
#football,ultras,6,25/04/2022
#football,ÿßŸáÿØÿßŸÅ,6,25/04/2022
#football,ÿßŸáÿØÿßŸÅ_ŸÅŸäŸÅÿß,6,25/04/2022
#football,paris,6,25/04/2022
#football,ÿ®ŸÉÿ¨_ŸÅŸäŸÅÿß,6,25/04/2022
#football,ŸÅÿßŸàŸÑÿßÿ™_ŸÅŸäŸÅÿß,6,25/04/2022
#football,ŸÅŸäŸÅÿß,6,25/04/2022
#football,ŸÅŸäŸÅÿßŸÉŸÖ,6,25/04/2022
#football,ŸÅŸäŸÅÿßŸ¢Ÿ†,6,25/04/2022
#football,ŸÅŸäŸÅÿßŸ¢Ÿ°,6,25/04/2022
#football,ŸÑŸÇÿ∑ÿßÿ™_ŸÅŸäŸÅÿß,6,25/04/2022
#football,ps5,6,25/04/2022
#football,stats,6,25/04/2022
#football,nonfungible,6,25/04/2022
#football,northwest,6,25/04/2022
#football,bag,6,25/04/2022
#football,messiìÉµ,6,25/04/2022
#football,mentalhealth,6,25/04/2022
#football,barcelona,6,25/04/2022
#football,navy,5,25/04/2022
#football,boxing,5,25/04/2022
#football,usa,5,25/04/2022
#football,worldcup,5,25/04/2022
#football,coyg,5,25/04/2022
#football,ukraine,5,25/04/2022
#football,transfer,5,25/04/2022
#football,victory,5,25/04/2022
#football,wakey,5,25/04/2022
#football,cork,5,25/04/2022
#football,tothemoon,5,25/04/2022
#football,wearethecommunity,5,25/04/2022
#football,wearetoca,5,25/04/2022
#football,oakley,5,25/04/2022
#football,youthsoccer,5,25/04/2022
#football,india,5,25/04/2022
#football,dfcvmufc,5,25/04/2022
#football,moonshot,5,25/04/2022
#football,metaverse,5,25/04/2022
#football,jersey,5,25/04/2022
#football,championship,5,25/04/2022
#football,case,5,25/04/2022
#football,mancity,5,25/04/2022
#football,calcio,5,25/04/2022
#football,luggage,5,25/04/2022
#football,buffalo,5,25/04/2022
#football,btc,5,25/04/2022
#football,design,5,25/04/2022
#football,ebay,5,25/04/2022
#football,tocajuniors,5,25/04/2022
#football,optic,5,25/04/2022
#football,guesswho,5,25/04/2022
#football,patriots,5,25/04/2022
#football,playsimple,5,25/04/2022
#football,girlsfootball,5,25/04/2022
#football,podcasts,5,25/04/2022
#football,pslnews,5,25/04/2022
#football,nonleague,5,25/04/2022
#football,helmet,5,25/04/2022
#football,red,5,25/04/2022
#football,san,5,25/04/2022
#football,santoshtrophy,5,25/04/2022
#football,seahawks,5,25/04/2022
#football,signed,5,25/04/2022
#football,sorare,5,25/04/2022
#football,followback,5,25/04/2022
#football,spinner,5,25/04/2022
#football,fmcreators,5,25/04/2022
#football,flhsfb,5,25/04/2022
#football,stand,5,25/04/2022
#football,losangeleschargers,5,25/04/2022
#football,neymar,5,25/04/2022
#football,tampa,5,25/04/2022
#football,tennesseetitans,5,25/04/2022
#football,thehobby,5,25/04/2022
#football,theprofessor,5,25/04/2022
#football,thesouthafrican,5,25/04/2022
#football,tips,5,25/04/2022
#football,england,5,25/04/2022
#football,toca,5,25/04/2022
#football,1000xgem,5,25/04/2022
#football,logo,5,25/04/2022
#football,altcoin,5,25/04/2022
#football,baltimoreravens,5,25/04/2022
#football,antigrip,5,25/04/2022
#football,ad,5,25/04/2022
#football,ajax,5,25/04/2022
#football,bettingsports,5,25/04/2022
#football,arizona,5,25/04/2022
#football,aggle,5,25/04/2022
#football,blackowned,5,25/04/2022
#football,bettingtwitter,5,25/04/2022
#football,altseason,5,25/04/2022
#football,best,5,25/04/2022
#football,athlete,4,25/04/2022
#football,tenhag,4,25/04/2022
#football,espn,4,25/04/2022
#football,ageuk,4,25/04/2022
#football,thefaforall,4,25/04/2022
#football,f1,4,25/04/2022
#football,newyorkgiants,4,25/04/2022
#football,fairway,4,25/04/2022
#football,chicago,4,25/04/2022
#football,mciwat,4,25/04/2022
#football,pool,4,25/04/2022
#football,womens,4,25/04/2022
#football,porstmouthfc,4,25/04/2022
#football,xboxshare,4,25/04/2022
#football,xboxone,4,25/04/2022
#football,xbox,4,25/04/2022
#football,oklahoma,4,25/04/2022
#football,flagfootball,4,25/04/2022
#football,hardcase,4,25/04/2022
#football,fifa15,4,25/04/2022
#football,auto,4,25/04/2022
#football,russiaukraine,4,25/04/2022
#football,russianukrainianwar,4,25/04/2022
#football,russia,4,25/04/2022
#football,porstmouth,4,25/04/2022
#football,pools,4,25/04/2022
#football,englishpremierleague,4,25/04/2022
#football,autograph,4,25/04/2022
#football,pompey,4,25/04/2022
#football,kerry,4,25/04/2022
#football,newenglandpatriots,4,25/04/2022
#football,videogame,4,25/04/2022
#football,msisoccer,4,25/04/2022
#football,paniniamerica,4,25/04/2022
#football,panini,4,25/04/2022
#football,msiclassic,4,25/04/2022
#football,arsmun,4,25/04/2022
#football,arsmnu,4,25/04/2022
#football,juve,4,25/04/2022
#football,cryptocurrency,4,25/04/2022
#football,nationalfootballconferencesouthdivision,4,25/04/2022
#football,cutter,4,25/04/2022
#football,mosaic,4,25/04/2022
#football,usfl,4,25/04/2022
#football,unisex,4,25/04/2022
#football,mondaythoughts,4,25/04/2022
#football,houstontexans,4,25/04/2022
#football,alopfe,4,25/04/2022
#football,twich,4,25/04/2022
#football,diamondbacks,4,25/04/2022
#football,minnesota,4,25/04/2022
#football,collection,4,25/04/2022
#football,hockey,4,25/04/2022
#football,blue,4,25/04/2022
#football,miami,4,25/04/2022
#football,tottenham,4,25/04/2022
#football,easportsfifa,4,25/04/2022
#football,tocasimple,4,25/04/2022
#football,happybirthday,4,25/04/2022
#football,parissaintgermain,4,25/04/2022
#football,freepicks,4,25/04/2022
#football,italy,4,25/04/2022
#football,youth,4,25/04/2022
#football,nottingham,4,25/04/2022
#football,gaa,4,25/04/2022
#football,footballplayer,4,25/04/2022
#football,footballshirt,4,25/04/2022
#football,footballtips,4,25/04/2022
#football,nftcommunity,4,25/04/2022
#football,youtube,4,25/04/2022
#football,liverpoolfc,4,25/04/2022
#football,nostalgia,4,25/04/2022
#football,lufc,4,25/04/2022
#football,laliga,4,25/04/2022
#football,breakingnews,4,25/04/2022
#football,buck,4,25/04/2022
#football,framed,4,25/04/2022
#football,prolevel,4,25/04/2022
#football,fun,4,25/04/2022
#football,brown,4,25/04/2022
#football,gaming,4,25/04/2022
#football,fullmanualmode,4,25/04/2022
#football,footballfans,4,25/04/2022
#football,nftart,4,25/04/2022
#football,super,4,25/04/2022
#football,nintendo,4,25/04/2022
#football,cards,4,25/04/2022
#football,officially,4,25/04/2022
#football,sassuolo,4,25/04/2022
#football,licensed,4,25/04/2022
#football,league,4,25/04/2022
#football,trending,3,25/04/2022
#football,picnic,3,25/04/2022
#football,detroitlions,3,25/04/2022
#football,development,3,25/04/2022
#football,billsmafia,3,25/04/2022
#football,spotify,3,25/04/2022
#football,draft,3,25/04/2022
#football,trophymanager,3,25/04/2022
#football,mindsetmatters,3,25/04/2022
#football,training,3,25/04/2022
#football,dolphins,3,25/04/2022
#football,livestream,3,25/04/2022
#football,villareal,3,25/04/2022
#football,soundtracktoalife,3,25/04/2022
#football,documentary,3,25/04/2022
#football,mindset,3,25/04/2022
#football,rolltide,3,25/04/2022
#football,twin,3,25/04/2022
#football,soccerskills,3,25/04/2022
#football,underground,3,25/04/2022
#football,purple,3,25/04/2022
#football,sportsclub,3,25/04/2022
#football,angeles,3,25/04/2022
#football,adidas,3,25/04/2022
#football,bitcoin,3,25/04/2022
#football,money,3,25/04/2022
#football,united,3,25/04/2022
#football,motm,3,25/04/2022
#football,realtree,3,25/04/2022
#football,town,3,25/04/2022
#football,recruiting,3,25/04/2022
#football,select,3,25/04/2022
#football,peterborough,3,25/04/2022
#football,philadelphiaeagles,3,25/04/2022
#football,speed,3,25/04/2022
#football,uefa,3,25/04/2022
#football,anfield,3,25/04/2022
#football,god,3,25/04/2022
#football,houston,3,25/04/2022
#football,sportstech,3,25/04/2022
#football,kansascitychiefs,3,25/04/2022
#football,bettingtipster,3,25/04/2022
#football,full,3,25/04/2022
#football,footballcoach,3,25/04/2022
#football,subbuteo,3,25/04/2022
#football,fantasy,3,25/04/2022
#football,health,3,25/04/2022
#football,match,3,25/04/2022
#football,viral,3,25/04/2022
#football,teamfollowback,3,25/04/2022
#football,footballlovers,3,25/04/2022
#football,footballjobs,3,25/04/2022
#football,silver,3,25/04/2022
#football,tampabaybuccaneers,3,25/04/2022
#football,footballers,3,25/04/2022
#football,map,3,25/04/2022
#football,shameful,3,25/04/2022
#football,prayer,3,25/04/2022
#football,footballcards,3,25/04/2022
#football,sunglasses,3,25/04/2022
#football,tailgate,3,25/04/2022
#football,final,3,25/04/2022
#football,fit,3,25/04/2022
#football,manu,3,25/04/2022
#football,foot,3,25/04/2022
#football,flak,3,25/04/2022
#football,follow,3,25/04/2022
#football,foco,3,25/04/2022
#football,fanmats,3,25/04/2022
#football,technology,3,25/04/2022
#football,agility,3,25/04/2022
#football,footballskills,3,25/04/2022
#football,londonunderground,3,25/04/2022
#football,arizonacardinals,3,25/04/2022
#football,metrolink,3,25/04/2022
#football,baltimore,3,25/04/2022
#football,los,3,25/04/2022
#football,shirt,3,25/04/2022
#football,skills,3,25/04/2022
#football,mesh,3,25/04/2022
#football,francisco,3,25/04/2022
#football,bills,3,25/04/2022
#football,time,3,25/04/2022
#football,frame,3,25/04/2022
#football,throwback,3,25/04/2022
#football,eriktenhag,3,25/04/2022
#football,ers,3,25/04/2022
#football,memorabilia,3,25/04/2022
#football,streaming,3,25/04/2022
#football,prison,3,25/04/2022
#football,mcfc,3,25/04/2022
#football,footie,3,25/04/2022
#football,footballvideo,3,25/04/2022
#football,mbappe,3,25/04/2022
#football,family,3,25/04/2022
#football,fans,3,25/04/2022
#football,pittsburgh,3,25/04/2022
#football,bundesliga,3,25/04/2022
#football,nufc,3,25/04/2022
#football,carolinapanthers,3,25/04/2022
#football,cincinnatibengals,3,25/04/2022
#football,commanders,3,25/04/2022
#football,xl,3,25/04/2022
#football,closure,3,25/04/2022
#football,cart,3,25/04/2022
#football,90s,3,25/04/2022
#football,scotus,3,25/04/2022
#football,49ers,3,25/04/2022
#football,saints,3,25/04/2022
#football,celtic,3,25/04/2022
#football,washington,3,25/04/2022
#football,neworleanssaints,3,25/04/2022
#football,inch,3,25/04/2022
#football,book,3,25/04/2022
#football,ÿ®ŸÉÿ¨ÿßÿ™ŸÉŸÖ,3,25/04/2022
#football,brooklyn,3,25/04/2022
#football,childabuse,3,25/04/2022
#football,whodoyoucollect,3,25/04/2022
#football,nftcollectors,3,25/04/2022
#football,clippers,3,25/04/2022
#football,clevelandbrowns,3,25/04/2022
#football,nets,3,25/04/2022
#football,buffalobills,3,25/04/2022
#football,indianfootball,3,25/04/2022
#football,autographedsigned,3,25/04/2022
#football,nftdrop,3,25/04/2022
#football,over60s,3,25/04/2022
#football,college,3,25/04/2022
#football,blockchain,3,25/04/2022
#football,classic,3,25/04/2022
#football,indianapoliscolts,3,25/04/2022
#football,sanfrancisco49ers,3,25/04/2022
#football,ynwa,3,25/04/2022
#football,cfl,3,25/04/2022
#football,ŸÅÿßŸàŸÑÿßÿ™ŸÉŸÖ,3,25/04/2022
#football,newyorkjets,3,25/04/2022
#football,boston,3,25/04/2022
#football,palace,3,25/04/2022
#football,bowl,3,25/04/2022
#football,oo,3,25/04/2022
#football,salah,3,25/04/2022
#football,nationalfootballconferencewestdivision,3,25/04/2022
#football,panthers,3,25/04/2022
#football,a,3,25/04/2022
#football,nonleaguefootball,3,25/04/2022
#football,of,2,25/04/2022
#football,predictions,2,25/04/2022
#football,fc,2,25/04/2022
#football,calgary,2,25/04/2022
#football,resistanceparachute,2,25/04/2022
#football,hackney,2,25/04/2022
#football,runningback,2,25/04/2022
#football,footballcoaching,2,25/04/2022
#football,california,2,25/04/2022
#football,nftcollection,2,25/04/2022
#football,teams,2,25/04/2022
#football,footballer,2,25/04/2022
#football,footballedits,2,25/04/2022
#football,prediction,2,25/04/2022
#football,chargers,2,25/04/2022
#football,bengals,2,25/04/2022
#football,manutdpodcast,2,25/04/2022
#football,sun,2,25/04/2022
#football,cap,2,25/04/2022
#football,style,2,25/04/2022
#football,footballphoto,2,25/04/2022
#football,onlinegame,2,25/04/2022
#football,beautiful,2,25/04/2022
#football,bettingexpert,2,25/04/2022
#football,nftcollector,2,25/04/2022
#football,job,2,25/04/2022
#football,footballlover,2,25/04/2022
#football,skysportsfootball,2,25/04/2022
#football,footballlife,2,25/04/2022
#football,footballleague,2,25/04/2022
#football,premierleaguehighlights,2,25/04/2022
#football,iii,2,25/04/2022
#football,skysports,2,25/04/2022
#football,yours_jin,2,25/04/2022
#football,footballislife,2,25/04/2022
#football,fashion,2,25/04/2022
#football,charcoal,2,25/04/2022
#football,mark,2,25/04/2022
#football,footballbet,2,25/04/2022
#football,size,2,25/04/2022
#football,kotoko,2,25/04/2022
#football,chair,2,25/04/2022
#football,big,2,25/04/2022
#football,tall,2,25/04/2022
#football,flag,2,25/04/2022
#football,sutton,2,25/04/2022
#football,talent,2,25/04/2022
#football,jesus,2,25/04/2022
#football,fifaworldcup,2,25/04/2022
#football,sweater,2,25/04/2022
#football,manofthematch,2,25/04/2022
#football,sweden,2,25/04/2022
#football,kobebryant,2,25/04/2022
#football,cfb,2,25/04/2022
#football,switch,2,25/04/2022
#football,table,2,25/04/2022
#football,portada,2,25/04/2022
#football,jets,2,25/04/2022
#football,nfldraftnews,2,25/04/2022
#football,manager,2,25/04/2022
#football,florida,2,25/04/2022
#football,relief,2,25/04/2022
#football,austell,2,25/04/2022
#football,yemstarsfootballfestival,2,25/04/2022
#football,yemstars,2,25/04/2022
#football,resistance,2,25/04/2022
#football,rennes,2,25/04/2022
#football,workout,2,25/04/2022
#football,sassuolojuve,2,25/04/2022
#football,superbowl,2,25/04/2022
#football,knicks,2,25/04/2022
#football,superfmph,2,25/04/2022
#football,superleague,2,25/04/2022
#football,offseason,2,25/04/2022
#football,world,2,25/04/2022
#football,fhg,2,25/04/2022
#football,sky,2,25/04/2022
#football,xinch,2,25/04/2022
#football,youthefan,2,25/04/2022
#football,hat,2,25/04/2022
#football,skysportslive,2,25/04/2022
#football,soccercoach,2,25/04/2022
#football,raidersfootball,2,25/04/2022
#football,georgia,2,25/04/2022
#football,j4f,2,25/04/2022
#football,gopatmed,2,25/04/2022
#football,like,2,25/04/2022
#football,gascan,2,25/04/2022
#football,layer,2,25/04/2022
#football,bpl,2,25/04/2022
#football,nigeria,2,25/04/2022
#football,betdoin,2,25/04/2022
#football,nhs,2,25/04/2022
#football,footballseason,2,25/04/2022
#football,lions,2,25/04/2022
#football,rectangular,2,25/04/2022
#football,livebet,2,25/04/2022
#football,gambling,2,25/04/2022
#football,sportsphotography,2,25/04/2022
#football,sportspicks,2,25/04/2022
#football,brands,2,25/04/2022
#football,fyp,2,25/04/2022
#football,5aside,2,25/04/2022
#football,redblack,2,25/04/2022
#football,sportengland,2,25/04/2022
#football,germany,2,25/04/2022
#football,soccerlife,2,25/04/2022
#football,learn,2,25/04/2022
#football,nohate,2,25/04/2022
#football,rbsalzburg,2,25/04/2022
#football,alabamafootball,2,25/04/2022
#football,rassegnastampa,2,25/04/2022
#football,jamaica,2,25/04/2022
#football,letsdothis,2,25/04/2022
#football,glazersout,2,25/04/2022
#football,glazerout,2,25/04/2022
#football,glasgow,2,25/04/2022
#football,gobills,2,25/04/2022
#football,andrews,2,25/04/2022
#football,sales,2,25/04/2022
#football,bet,2,25/04/2022
#football,bears,2,25/04/2022
#football,beach,2,25/04/2022
#football,bearsnation,2,25/04/2022
#football,godwin,2,25/04/2022
#football,giants,2,25/04/2022
#football,spfl,2,25/04/2022
#football,ralfrangnick,2,25/04/2022
#football,getpaid,2,25/04/2022
#football,livesport,2,25/04/2022
#football,futebol,2,25/04/2022
#football,spurs,2,25/04/2022
#football,gridiron,2,25/04/2022
#football,freeagent,2,25/04/2022
#football,project84,2,25/04/2022
#football,lovefootball,2,25/04/2022
#football,low,2,25/04/2022
#football,zip,2,25/04/2022
#football,fpl,2,25/04/2022
#football,group,2,25/04/2022
#football,yyc,2,25/04/2022
#football,oakland,2,25/04/2022
#football,batley,2,25/04/2022
#football,fanslove,2,25/04/2022
#football,regulation,2,25/04/2022
#football,forest,2,25/04/2022
#football,luxembourg,2,25/04/2022
#football,athletics,2,25/04/2022
#football,luxury,2,25/04/2022
#football,primapagina,2,25/04/2022
#football,footballteam,2,25/04/2022
#football,benzema,2,25/04/2022
#football,youthleague,2,25/04/2022
#football,youthfootball,2,25/04/2022
#football,bsc,2,25/04/2022
#football,losangelesrams,2,25/04/2022
#football,bettingadvice,2,25/04/2022
#football,statistics,2,25/04/2022
#football,fussball,2,25/04/2022
#football,square,2,25/04/2022
#football,6aside,2,25/04/2022
#football,great,2,25/04/2022
#football,srfc,2,25/04/2022
#football,lasvegasraiders,2,25/04/2022
#football,stadium,2,25/04/2022
#football,lasvegas,2,25/04/2022
#football,italianseriea,2,25/04/2022
#football,sanfrancisco,2,25/04/2022
#football,ft,2,25/04/2022
#football,frontpage,2,25/04/2022
#football,friendly,2,25/04/2022
#football,fridaynightlights,2,25/04/2022
#football,friday,2,25/04/2022
#football,freetips,2,25/04/2022
#football,freetip,2,25/04/2022
#football,stars,2,25/04/2022
#football,saintgermain,2,25/04/2022
#football,losangeles,2,25/04/2022
#football,greenbaypackers,2,25/04/2022
#football,fansneverlose,2,25/04/2022
#football,beardown,2,25/04/2022
#football,hobby,2,25/04/2022
#football,motherwell,2,25/04/2022
#football,mickschumacher,2,25/04/2022
#football,palestine,2,25/04/2022
#football,afc,2,25/04/2022
#football,over50,2,25/04/2022
#football,scotland,2,25/04/2022
#football,holbrook,2,25/04/2022
#football,dogecoin,2,25/04/2022
#football,over50sfitness,2,25/04/2022
#football,crystalpalaceleeds,2,25/04/2022
#football,outerstuff,2,25/04/2022
#football,over60,2,25/04/2022
#football,collectibles,2,25/04/2022
#football,hulabowl,2,25/04/2022
#football,mini,2,25/04/2022
#football,pickxsports,2,25/04/2022
#football,display,2,25/04/2022
#football,over70,2,25/04/2022
#football,webuyused,2,25/04/2022
#football,pei,2,25/04/2022
#football,train,2,25/04/2022
#football,minnesotavikings,2,25/04/2022
#football,miamidolphins,2,25/04/2022
#football,history,2,25/04/2022
#football,wereallyknowball,2,25/04/2022
#football,blakeway,2,25/04/2022
#football,socialmedia,2,25/04/2022
#football,panel,2,25/04/2022
#football,duty,2,25/04/2022
#football,sculpted,2,25/04/2022
#football,duffel,2,25/04/2022
#football,tournament,2,25/04/2022
#football,draftweek,2,25/04/2022
#football,towel,2,25/04/2022
#football,cooler,2,25/04/2022
#football,wellbeing,2,25/04/2022
#football,michaeljordan,2,25/04/2022
#football,trade,2,25/04/2022
#football,tradeup,2,25/04/2022
#football,cristianoronaldo,2,25/04/2022
#football,tradingcards,2,25/04/2022
#football,truestory,2,25/04/2022
#football,cubs,2,25/04/2022
#football,eastlondon,2,25/04/2022
#football,personaltrainer,2,25/04/2022
#football,uefayouthleague,2,25/04/2022
#football,usflonfox,2,25/04/2022
#football,oz,2,25/04/2022
#football,philadelphia,2,25/04/2022
#football,ulez,2,25/04/2022
#football,p2e,2,25/04/2022
#football,deebo,2,25/04/2022
#football,community,2,25/04/2022
#football,baller,2,25/04/2022
#football,commemorative,2,25/04/2022
#football,nature,2,25/04/2022
#football,dallascowboys,2,25/04/2022
#football,company,2,25/04/2022
#football,backpage,2,25/04/2022
#football,unitedpodcast,2,25/04/2022
#football,morecambe,2,25/04/2022
#football,performance,2,25/04/2022
#football,kansas,2,25/04/2022
#football,uefachampionsleague,2,25/04/2022
#football,twotone,2,25/04/2022
#football,vacancy,2,25/04/2022
#football,wayne,2,25/04/2022
#football,hooded,2,25/04/2022
#football,hoodie,2,25/04/2022
#football,ballers,2,25/04/2022
#football,custom,2,25/04/2022
#football,detroit,2,25/04/2022
#football,cvd,2,25/04/2022
#football,oxfordshire,2,25/04/2022
#football,utdpodcast,2,25/04/2022
#football,walkingfutbol,2,25/04/2022
#football,round,2,25/04/2022
#football,twitter,2,25/04/2022
#football,derby,2,25/04/2022
#football,kc,2,25/04/2022
#football,denverbroncos,2,25/04/2022
#football,serieatim,2,25/04/2022
#football,ussports,2,25/04/2022
#football,usflonnbc,2,25/04/2022
#football,deluxe,2,25/04/2022
#football,metlife,2,25/04/2022
#football,eagles,2,25/04/2022
#football,voetbal,2,25/04/2022
#football,cr,2,25/04/2022
#football,evertonfc,2,25/04/2022
#football,everton,2,25/04/2022
#football,helmets,2,25/04/2022
#football,winner,2,25/04/2022
#football,villa,2,25/04/2022
#football,medals,2,25/04/2022
#football,munster,2,25/04/2022
#football,mug,2,25/04/2022
#football,medium,2,25/04/2022
#football,kicker,2,25/04/2022
#football,eth,2,25/04/2022
#football,essex,2,25/04/2022
#football,rfp,2,25/04/2022
#football,meme,2,25/04/2022
#football,chris,2,25/04/2022
#football,neworleans,2,25/04/2022
#football,toppschrome,2,25/04/2022
#football,era,2,25/04/2022
#football,epllive,2,25/04/2022
#football,exercise,2,25/04/2022
#football,benfica,2,25/04/2022
#football,running,2,25/04/2022
#football,showtime,2,25/04/2022
#football,chelseafc,2,25/04/2022
#football,withyou,2,25/04/2022
#football,jr,2,25/04/2022
#football,autofollowback,2,25/04/2022
#football,fan,2,25/04/2022
#football,falcons,2,25/04/2022
#football,kingjames,2,25/04/2022
#football,chicagofire,2,25/04/2022
#football,heavy,2,25/04/2022
#football,thefa,2,25/04/2022
#football,fade,2,25/04/2022
#football,seekingjustice,2,25/04/2022
#football,texans,2,25/04/2022
#football,podbean,2,25/04/2022
#football,the,2,25/04/2022
#football,max,2,25/04/2022
#football,chiefs,2,25/04/2022
#football,winning,2,25/04/2022
#football,thunder,2,25/04/2022
#football,williammitchell,2,25/04/2022
#football,herefordfc,2,25/04/2022
#football,allireland,2,25/04/2022
#football,today,2,25/04/2022
#football,shoo,2,25/04/2022
#football,highschoolfootball,2,25/04/2022
#football,highschoolsports,2,25/04/2022
#football,token,2,25/04/2022
#football,eflchampionship,2,25/04/2022
#football,efl,2,25/04/2022
#football,effort,2,25/04/2022
#football,efc,2,25/04/2022
#football,wild,2,25/04/2022
#football,education,2,25/04/2022
#football,edition,2,25/04/2022
#football,bama,2,25/04/2022
#football,newcastle,2,25/04/2022
#football,tomorrowspaperstoday,2,25/04/2022
#football,wheeled,2,25/04/2022
#football,wfcvpmu,2,25/04/2022
#football,topps,2,25/04/2022
#football,american,2,25/04/2022
#football,mufcpodcast,2,25/04/2022
#football,ball,2,25/04/2022
#football,players,2,25/04/2022
#football,playoffs,2,25/04/2022
#football,affl,2,25/04/2022
#football,african,2,25/04/2022
#football,play,2,25/04/2022
#football,kerryvcork,2,25/04/2022
#football,videography,2,25/04/2022
#football,title,2,25/04/2022
#football,crafty,2,25/04/2022
#football,playitagainsports,2,25/04/2022
#football,key,2,25/04/2022
#football,parachute,2,25/04/2022
#football,cincinnati,2,25/04/2022
#football,recruiting101,1,25/04/2022
#football,rod,1,25/04/2022
#football,sale,1,25/04/2022
#football,america,1,25/04/2022
#football,realitycheck,1,25/04/2022
#football,rotherham,1,25/04/2022
#football,reasistancechute,1,25/04/2022
#football,rookie,1,25/04/2022
#football,receiver,1,25/04/2022
#football,realsociedad,1,25/04/2022
#football,ronaldinho,1,25/04/2022
#football,rookierankings,1,25/04/2022
#football,anamxrkovic,1,25/04/2022
#football,saka,1,25/04/2022
#football,amsterdam,1,25/04/2022
#football,rotary,1,25/04/2022
#football,realbetis,1,25/04/2022
#football,retrogamer,1,25/04/2022
#football,recruitment,1,25/04/2022
#football,americanfootballvideos,1,25/04/2022
#football,rehab,1,25/04/2022
#football,rwanda,1,25/04/2022
#football,rehabilitation,1,25/04/2022
#football,rkbro24,1,25/04/2022
#football,rug,1,25/04/2022
#football,riseupredhawks,1,25/04/2022
#football,riestra,1,25/04/2022
#football,relegation,1,25/04/2022
#football,relegationbattle,1,25/04/2022
#football,renewableenergy,1,25/04/2022
#football,ridley,1,25/04/2022
#football,rico,1,25/04/2022
#football,replica,1,25/04/2022
#football,rugby,1,25/04/2022
#football,rvrhs,1,25/04/2022
#football,rustic,1,25/04/2022
#football,repression,1,25/04/2022
#football,run,1,25/04/2022
#football,retweet,1,25/04/2022
#football,retrogaming,1,25/04/2022
#football,retrogames,1,25/04/2022
#football,ruralireland,1,25/04/2022
#football,retractable,1,25/04/2022
#football,ryan,1,25/04/2022
#football,robbie,1,25/04/2022
#football,reggierusk,1,25/04/2022
#football,redessociais,1,25/04/2022
#football,americana,1,25/04/2022
#football,roughrider,1,25/04/2022
#football,redandbluearmy,1,25/04/2022
#football,rockefeller,1,25/04/2022
#football,americanfootball,1,25/04/2022
#football,robloxugc,1,25/04/2022
#football,redbridge,1,25/04/2022
#football,robloxgfx,1,25/04/2022
#football,reddevilnation,1,25/04/2022
#football,reddevils,1,25/04/2022
#football,robloxdevs,1,25/04/2022
#football,robinsrevival,1,25/04/2022
#football,robloxdev,1,25/04/2022
#football,roundtripper,1,25/04/2022
#football,rudiger,1,25/04/2022
#football,robloxart,1,25/04/2022
#football,roblox,1,25/04/2022
#football,redsox,1,25/04/2022
#football,reebok,1,25/04/2022
#football,sagunslingers,1,25/04/2022
#football,referee,1,25/04/2022
#football,reggie,1,25/04/2022
#football,ronaldobrazilianfootballer,1,25/04/2022
#football,boom,1,25/04/2022
#football,real,1,25/04/2022
#football,arte,1,25/04/2022
#football,phoenix,1,25/04/2022
#football,phillies,1,25/04/2022
#football,perwinkle,1,25/04/2022
#football,performancetraining,1,25/04/2022
#football,perchfit,1,25/04/2022
#football,perch,1,25/04/2022
#football,penwortham,1,25/04/2022
#football,penalty,1,25/04/2022
#football,pe,1,25/04/2022
#football,passion,1,25/04/2022
#football,package,1,25/04/2022
#football,passementdejambe,1,25/04/2022
#football,party,1,25/04/2022
#football,partnerships,1,25/04/2022
#football,partner,1,25/04/2022
#football,parlay,1,25/04/2022
#football,at,1,25/04/2022
#football,panoramas,1,25/04/2022
#football,pancakeswap,1,25/04/2022
#football,palestinelivesmatter,1,25/04/2022
#football,arrirental,1,25/04/2022
#football,arri,1,25/04/2022
#football,photojournalism,1,25/04/2022
#football,photomanipulation,1,25/04/2022
#football,pl2,1,25/04/2022
#football,pi√±atas,1,25/04/2022
#football,pi√±ata,1,25/04/2022
#football,pixelart,1,25/04/2022
#football,pitchfooty,1,25/04/2022
#football,pingpong,1,25/04/2022
#football,pinatas,1,25/04/2022
#football,pinata,1,25/04/2022
#football,pilsner,1,25/04/2022
#football,pierrestrongjr,1,25/04/2022
#football,picoftheday,1,25/04/2022
#football,phs,1,25/04/2022
#football,photostudio,1,25/04/2022
#football,photosports,1,25/04/2022
#football,photoshootoftheday,1,25/04/2022
#football,photoshooting,1,25/04/2022
#football,photoshoot,1,25/04/2022
#football,photosession,1,25/04/2022
#football,photooftheday,1,25/04/2022
#football,paidtoplay,1,25/04/2022
#football,pacampeao,1,25/04/2022
#football,rc,1,25/04/2022
#football,nwfootballexposure,1,25/04/2022
#football,oldphotos,1,25/04/2022
#football,ojaj,1,25/04/2022
#football,official,1,25/04/2022
#football,offensiveline,1,25/04/2022
#football,odisha,1,25/04/2022
#football,odibets,1,25/04/2022
#football,oak,1,25/04/2022
#football,nylon,1,25/04/2022
#football,nycsoccer,1,25/04/2022
#football,nufcfans,1,25/04/2022
#football,pabllovittar,1,25/04/2022
#football,ntfc,1,25/04/2022
#football,npfl22,1,25/04/2022
#football,notvidic,1,25/04/2022
#football,atlanta,1,25/04/2022
#football,northcarolina,1,25/04/2022
#football,noregretsleeds,1,25/04/2022
#football,noregrets,1,25/04/2022
#football,nonleaguefans,1,25/04/2022
#football,attackontitan,1,25/04/2022
#football,oldtrafford,1,25/04/2022
#football,oligarchs,1,25/04/2022
#football,one,1,25/04/2022
#football,onebuffalo,1,25/04/2022
#football,oyotruth,1,25/04/2022
#football,oyostatenews,1,25/04/2022
#football,oxford,1,25/04/2022
#football,ovnio,1,25/04/2022
#football,oversized,1,25/04/2022
#football,over50s,1,25/04/2022
#football,ourbluesjiminost,1,25/04/2022
#football,osuit,1,25/04/2022
#football,orioles,1,25/04/2022
#football,origins,1,25/04/2022
#football,organizer,1,25/04/2022
#football,operation,1,25/04/2022
#football,openers,1,25/04/2022
#football,onthebeach,1,25/04/2022
#football,onlineauction,1,25/04/2022
#football,online,1,25/04/2022
#football,onenolafriday,1,25/04/2022
#football,onehand,1,25/04/2022
#football,oneclub,1,25/04/2022
#football,plan,1,25/04/2022
#football,planner,1,25/04/2022
#football,planyourfuture,1,25/04/2022
#football,pros,1,25/04/2022
#football,punoftheday,1,25/04/2022
#football,puma,1,25/04/2022
#football,ptk,1,25/04/2022
#football,animallovers,1,25/04/2022
#football,anoeta,1,25/04/2022
#football,anotxa,1,25/04/2022
#football,proudcoach,1,25/04/2022
#football,prototsports,1,25/04/2022
#football,prospecthouseschool,1,25/04/2022
#football,propaganda,1,25/04/2022
#football,plate,1,25/04/2022
#football,promo√ß√£o,1,25/04/2022
#football,antoniorudiger,1,25/04/2022
#football,programming,1,25/04/2022
#football,professionalsports,1,25/04/2022
#football,professionalgrade,1,25/04/2022
#football,production,1,25/04/2022
#football,antony,1,25/04/2022
#football,prizm,1,25/04/2022
#football,anuncios,1,25/04/2022
#football,puns,1,25/04/2022
#football,punter,1,25/04/2022
#football,punting,1,25/04/2022
#football,purplebluegreenredmustardstripedhat,1,25/04/2022
#football,rb,1,25/04/2022
#football,rawlings,1,25/04/2022
#football,rashguard,1,25/04/2022
#football,raphaelvarane,1,25/04/2022
#football,andy,1,25/04/2022
#football,rams,1,25/04/2022
#football,ramedan,1,25/04/2022
#football,ramadanmubarak,1,25/04/2022
#football,ramadankareem,1,25/04/2022
#football,ralfragnick,1,25/04/2022
#football,raisingthebar,1,25/04/2022
#football,rainier,1,25/04/2022
#football,rainbowbeanie,1,25/04/2022
#football,raglan,1,25/04/2022
#football,radiokerry,1,25/04/2022
#football,radio,1,25/04/2022
#football,angel,1,25/04/2022
#football,questionbox,1,25/04/2022
#football,quarterback,1,25/04/2022
#football,print,1,25/04/2022
#football,primetime,1,25/04/2022
#football,pride,1,25/04/2022
#football,area,1,25/04/2022
#football,poll,1,25/04/2022
#football,politics,1,25/04/2022
#football,politicalpersecution,1,25/04/2022
#football,samuel,1,25/04/2022
#football,pokemon,1,25/04/2022
#football,pogba,1,25/04/2022
#football,areascouts,1,25/04/2022
#football,arenafootball,1,25/04/2022
#football,pochettino,1,25/04/2022
#football,pnefc,1,25/04/2022
#football,pleaseask,1,25/04/2022
#football,plaza,1,25/04/2022
#football,playtoearn,1,25/04/2022
#football,argentinos,1,25/04/2022
#football,argyle,1,25/04/2022
#football,playfff,1,25/04/2022
#football,playeroftheweek,1,25/04/2022
#football,playerdevelopment,1,25/04/2022
#football,play2earn,1,25/04/2022
#football,polloftheday,1,25/04/2022
#football,popular,1,25/04/2022
#football,preview,1,25/04/2022
#football,popwarnerfootbal,1,25/04/2022
#football,prestonnorthend,1,25/04/2022
#football,preorder,1,25/04/2022
#football,premierleagueawards,1,25/04/2022
#football,archmanning,1,25/04/2022
#football,prematch,1,25/04/2022
#football,prayers,1,25/04/2022
#football,pray,1,25/04/2022
#football,praise,1,25/04/2022
#football,powerlifting,1,25/04/2022
#football,power,1,25/04/2022
#football,potomacmd,1,25/04/2022
#football,posters,1,25/04/2022
#football,posterdesign,1,25/04/2022
#football,poster,1,25/04/2022
#football,portuguese,1,25/04/2022
#football,portugal,1,25/04/2022
#football,porto,1,25/04/2022
#football,portharcourt,1,25/04/2022
#football,portero,1,25/04/2022
#football,salvation,1,25/04/2022
#football,sound,1,25/04/2022
#football,amen,1,25/04/2022
#football,tshabalala,1,25/04/2022
#football,twosday,1,25/04/2022
#football,twopostsandafield,1,25/04/2022
#football,twoandahalfmun,1,25/04/2022
#football,twittertakeover,1,25/04/2022
#football,twitch,1,25/04/2022
#football,tv,1,25/04/2022
#football,turin,1,25/04/2022
#football,turftank,1,25/04/2022
#football,tumbler,1,25/04/2022
#football,tulsafootball,1,25/04/2022
#football,tua,1,25/04/2022
#football,tsn,1,25/04/2022
#football,truesportsfan,1,25/04/2022
#football,video,1,25/04/2022
#football,trophy,1,25/04/2022
#football,tristan,1,25/04/2022
#football,trickshot,1,25/04/2022
#football,triangle,1,25/04/2022
#football,trendy,1,25/04/2022
#football,travonwalker,1,25/04/2022
#football,traviskelce,1,25/04/2022
#football,transfertalk,1,25/04/2022
#football,afcajax,1,25/04/2022
#football,trainhard,1,25/04/2022
#football,trainer,1,25/04/2022
#football,track,1,25/04/2022
#football,twostripe,1,25/04/2022
#football,advertising,1,25/04/2022
#football,uefs,1,25/04/2022
#football,adventure,1,25/04/2022
#football,veteran,1,25/04/2022
#football,vesti,1,25/04/2022
#football,vertimaxtraining,1,25/04/2022
#football,vertimaxfootball,1,25/04/2022
#football,vertimax,1,25/04/2022
#football,ventilator,1,25/04/2022
#football,velocitybasedtraining,1,25/04/2022
#football,vd,1,25/04/2022
#football,varane,1,25/04/2022
#football,var,1,25/04/2022
#football,vanninphotos,1,25/04/2022
#football,vanarama,1,25/04/2022
#football,usyouthsoccer,1,25/04/2022
#football,upthebell,1,25/04/2022
#football,upsa,1,25/04/2022
#football,upperdeck,1,25/04/2022
#football,universitystudent,1,25/04/2022
#football,universal,1,25/04/2022
#football,uniquedesigns,1,25/04/2022
#football,uniform,1,25/04/2022
#football,underaire,1,25/04/2022
#football,unbeatablefootball,1,25/04/2022
#football,adidasnyc,1,25/04/2022
#football,adult,1,25/04/2022
#football,uksoccershop,1,25/04/2022
#football,toulouse,1,25/04/2022
#football,touchdown,1,25/04/2022
#football,totw,1,25/04/2022
#football,thomastuchel,1,25/04/2022
#football,thfc,1,25/04/2022
#football,thestars,1,25/04/2022
#football,aftereffectsprojectfiles,1,25/04/2022
#football,thesmarterwaytokeepscore,1,25/04/2022
#football,theprogram,1,25/04/2022
#football,afym,1,25/04/2022
#football,thekarlfeldtcenter,1,25/04/2022
#football,thegoalpostnews,1,25/04/2022
#football,thefuture,1,25/04/2022
#football,thedons,1,25/04/2022
#football,thebridge,1,25/04/2022
#football,texasfootball,1,25/04/2022
#football,texas,1,25/04/2022
#football,tesla,1,25/04/2022
#football,tervis,1,25/04/2022
#football,terrier,1,25/04/2022
#football,technicaldirector,1,25/04/2022
#football,tech,1,25/04/2022
#football,teamwork,1,25/04/2022
#football,teamvertimax,1,25/04/2022
#football,teamoftheweek,1,25/04/2022
#football,teamgusto,1,25/04/2022
#football,teamburgh,1,25/04/2022
#football,agilityladder,1,25/04/2022
#football,teacher,1,25/04/2022
#football,thisisthenetwork,1,25/04/2022
#football,throw,1,25/04/2022
#football,tottenhamhotspur,1,25/04/2022
#football,tickets,1,25/04/2022
#football,afcchampionsleague,1,25/04/2022
#football,toryscumout,1,25/04/2022
#football,torquay,1,25/04/2022
#football,torneo,1,25/04/2022
#football,toriesout5thmay,1,25/04/2022
#football,topteams,1,25/04/2022
#football,topchoice,1,25/04/2022
#football,top,1,25/04/2022
#football,toonarmy,1,25/04/2022
#football,tonali,1,25/04/2022
#football,tombrady,1,25/04/2022
#football,tom,1,25/04/2022
#football,tokyo,1,25/04/2022
#football,togetherness,1,25/04/2022
#football,toffees,1,25/04/2022
#football,toddler,1,25/04/2022
#football,afcwimbledon,1,25/04/2022
#football,tjernlund,1,25/04/2022
#football,tj,1,25/04/2022
#football,africa,1,25/04/2022
#football,timo,1,25/04/2022
#football,timetotalk,1,25/04/2022
#football,timberwolves,1,25/04/2022
#football,tiktok,1,25/04/2022
#football,tightend,1,25/04/2022
#football,active,1,25/04/2022
#football,videohive,1,25/04/2022
#football,sanantoniofootball,1,25/04/2022
#football,writing,1,25/04/2022
#football,yourstory,1,25/04/2022
#football,yorkshire,1,25/04/2022
#football,86z,1,25/04/2022
#football,yegfootball,1,25/04/2022
#football,years,1,25/04/2022
#football,yard,1,25/04/2022
#football,yankees,1,25/04/2022
#football,xlvii,1,25/04/2022
#football,xfl,1,25/04/2022
#football,xavi,1,25/04/2022
#football,wtf,1,25/04/2022
#football,wsl,1,25/04/2022
#football,wrestling,1,25/04/2022
#football,videos,1,25/04/2022
#football,woven,1,25/04/2022
#football,worldnewz247,1,25/04/2022
#football,abc,1,25/04/2022
#football,worldbookday2022,1,25/04/2022
#football,working,1,25/04/2022
#football,work,1,25/04/2022
#football,wordle310,1,25/04/2022
#football,woodson,1,25/04/2022
#football,wood,1,25/04/2022
#football,womensfootball,1,25/04/2022
#football,woking,1,25/04/2022
#football,achieve,1,25/04/2022
#football,youthcenterofexcellence,1,25/04/2022
#football,86w,1,25/04/2022
#football,youthtfootball,1,25/04/2022
#football,youtubechannel,1,25/04/2022
#football,‡πÅ‡∏ó‡∏á‡∏ö‡∏≠‡∏•,1,25/04/2022
#football,‡πÄ‡∏≠‡∏≤‡∏Ç‡∏∂‡πâ‡∏ô‡∏´‡∏ô‡πâ‡∏≤‡∏ü‡∏µ‡∏î‡∏ó‡∏µ,1,25/04/2022
#football,‡πÄ‡∏õ‡∏¥‡∏î‡∏Å‡∏≤‡∏£‡∏°‡∏≠‡∏á‡πÄ‡∏´‡πá‡∏ô,1,25/04/2022
#football,‡πÄ‡∏Ç‡πâ‡∏≤‡πÑ‡∏ó‡∏¢‡πÅ‡∏•‡πâ‡∏ß‡∏ô‡∏∞,1,25/04/2022
#football,‡πÄ‡∏Å‡∏°‡∏î‡∏±‡∏á‡∏ï‡πà‡∏≤‡∏á‡∏õ‡∏£‡∏∞‡πÄ‡∏ó‡∏®,1,25/04/2022
#football,‡∏°‡∏≤‡πÄ‡∏•‡πà‡∏ô‡∏Å‡∏±‡∏ô‡πÄ‡∏ñ‡∏≠‡∏∞,1,25/04/2022
#football,‡∏ü‡∏∏‡∏ï‡∏ö‡∏≠‡∏•,1,25/04/2022
#football,‡∏û‡∏£‡∏µ‡πÄ‡∏°‡∏µ‡∏¢‡∏£‡πå‡∏•‡∏µ‡∏Å,1,25/04/2022
#football,‡∏û‡∏ô‡∏±‡∏ô‡∏≠‡∏≠‡∏ô‡πÑ‡∏•‡∏ô‡πå,1,25/04/2022
#football,‡∏ú‡∏•‡∏ö‡∏≠‡∏•,1,25/04/2022
#football,‡∏ö‡∏≠‡∏•‡∏≠‡∏≠‡∏ô‡πÑ‡∏•‡∏ô‡πå,1,25/04/2022
#football,‡∏Å‡∏≤‡∏£‡πÅ‡∏Ç‡πà‡∏á‡∏Ç‡∏±‡∏ô,1,25/04/2022
#football,1a,1,25/04/2022
#football,1win,1,25/04/2022
#football,3points,1,25/04/2022
#football,717sports,1,25/04/2022
#football,7v7football,1,25/04/2022
#football,7vs7,1,25/04/2022
#football,86fb,1,25/04/2022
#football,—Ñ—É—Ç–±–æ–ª,1,25/04/2022
#football,zerooffers,1,25/04/2022
#football,zensportsian,1,25/04/2022
#football,zaha,1,25/04/2022
#football,youtuber,1,25/04/2022
#football,youtubegaming,1,25/04/2022
#football,wirral,1,25/04/2022
#football,wirfs,1,25/04/2022
#football,wireless,1,25/04/2022
#football,watson,1,25/04/2022
#football,washingtoncommanders,1,25/04/2022
#football,warhero,1,25/04/2022
#football,walthamforest,1,25/04/2022
#football,walled,1,25/04/2022
#football,walkingsoccer,1,25/04/2022
#football,acmonza,1,25/04/2022
#football,walking,1,25/04/2022
#football,acrobatics,1,25/04/2022
#football,wakeforestfootball,1,25/04/2022
#football,waiverwire,1,25/04/2022
#football,vom,1,25/04/2022
#football,volleyball,1,25/04/2022
#football,voiceofmeta,1,25/04/2022
#football,voathisisafrica,1,25/04/2022
#football,voamatchday,1,25/04/2022
#football,vlog,1,25/04/2022
#football,visitstellenbosch,1,25/04/2022
#football,visitsouthafrica,1,25/04/2022
#football,visitkc,1,25/04/2022
#football,visiontraining,1,25/04/2022
#football,action,1,25/04/2022
#football,actionsport,1,25/04/2022
#football,vincelombardi,1,25/04/2022
#football,villarreal,1,25/04/2022
#football,vikings,1,25/04/2022
#football,watchalong,1,25/04/2022
#football,watt,1,25/04/2022
#football,winners,1,25/04/2022
#football,way,1,25/04/2022
#football,wings,1,25/04/2022
#football,windy,1,25/04/2022
#football,win,1,25/04/2022
#football,wimbledonfc,1,25/04/2022
#football,wilson,1,25/04/2022
#football,willanderson,1,25/04/2022
#football,wildcard,1,25/04/2022
#football,wicking,1,25/04/2022
#football,whitelist,1,25/04/2022
#football,achievement,1,25/04/2022
#football,wethehobby,1,25/04/2022
#football,wenotme,1,25/04/2022
#football,welwyngardencity,1,25/04/2022
#football,wekelea,1,25/04/2022
#football,weights,1,25/04/2022
#football,weightlosstips,1,25/04/2022
#football,weightloss,1,25/04/2022
#football,weightlifting,1,25/04/2022
#football,weight,1,25/04/2022
#football,week1,1,25/04/2022
#football,week,1,25/04/2022
#football,weareunited,1,25/04/2022
#football,acl,1,25/04/2022
#football,acl2022,1,25/04/2022
#football,wbean,1,25/04/2022
#football,teach,1,25/04/2022
#football,taylor,1,25/04/2022
#football,task,1,25/04/2022
#football,alcoholfree,1,25/04/2022
#football,sleeve,1,25/04/2022
#football,sleepwear,1,25/04/2022
#football,skysport,1,25/04/2022
#football,skynews,1,25/04/2022
#football,skylight,1,25/04/2022
#football,skyblues,1,25/04/2022
#football,skybet,1,25/04/2022
#football,skateboard,1,25/04/2022
#football,single,1,25/04/2022
#football,singapore,1,25/04/2022
#football,simple,1,25/04/2022
#football,silvercoins,1,25/04/2022
#football,sideend,1,25/04/2022
#football,tampabay,1,25/04/2022
#football,sicily,1,25/04/2022
#football,sicilia,1,25/04/2022
#football,shrimp,1,25/04/2022
#football,showmorerespect,1,25/04/2022
#football,shower,1,25/04/2022
#football,shoulderpads,1,25/04/2022
#football,shotgun30,1,25/04/2022
#football,aleague,1,25/04/2022
#football,short,1,25/04/2022
#football,shopsmart,1,25/04/2022
#football,shopping,1,25/04/2022
#football,shop,1,25/04/2022
#football,slouch,1,25/04/2022
#football,sm22,1,25/04/2022
#football,sm22tactics,1,25/04/2022
#football,small,1,25/04/2022
#football,soccermanager2022,1,25/04/2022
#football,soccermanager,1,25/04/2022
#football,soccerlovers,1,25/04/2022
#football,soccerlove,1,25/04/2022
#football,soccerislife,1,25/04/2022
#football,soccerimp,1,25/04/2022
#football,soccergirl,1,25/04/2022
#football,soccergifts,1,25/04/2022
#football,soccergame,1,25/04/2022
#football,soccerdrill,1,25/04/2022
#football,soccerball,1,25/04/2022
#football,soccerarena,1,25/04/2022
#football,alaw,1,25/04/2022
#football,socalhighschoolfootball,1,25/04/2022
#football,soca,1,25/04/2022
#football,soarsupereagles,1,25/04/2022
#football,soaps,1,25/04/2022
#football,snowman,1,25/04/2022
#football,snookerworldchamps,1,25/04/2022
#football,snookerworldchampionship,1,25/04/2022
#football,snooker,1,25/04/2022
#football,smsports,1,25/04/2022
#football,smithrowe,1,25/04/2022
#football,smallbusinessweek,1,25/04/2022
#football,smallbusiness,1,25/04/2022
#football,shootingstars,1,25/04/2022
#football,shingekinokyojin,1,25/04/2022
#football,shib,1,25/04/2022
#football,seahawksfootball,1,25/04/2022
#football,sdsu,1,25/04/2022
#football,scripture,1,25/04/2022
#football,scousers,1,25/04/2022
#football,scottishwomen,1,25/04/2022
#football,scottishfootball,1,25/04/2022
#football,scoreboard,1,25/04/2022
#football,score,1,25/04/2022
#football,scommesse,1,25/04/2022
#football,schutt,1,25/04/2022
#football,school,1,25/04/2022
#football,scarvesforukraine,1,25/04/2022
#football,scam,1,25/04/2022
#football,sb,1,25/04/2022
#football,satx,1,25/04/2022
#football,satire,1,25/04/2022
#football,sassuolojuventus,1,25/04/2022
#football,saskatchewan,1,25/04/2022
#football,sarmiento,1,25/04/2022
#football,santaclara,1,25/04/2022
#football,sansebastian,1,25/04/2022
#football,sanfran,1,25/04/2022
#football,sanders,1,25/04/2022
#football,sandeepfreestyler,1,25/04/2022
#football,sanantoniotexas,1,25/04/2022
#football,sanantoniogunslingers,1,25/04/2022
#football,sea,1,25/04/2022
#football,search,1,25/04/2022
#football,share,1,25/04/2022
#football,season202122,1,25/04/2022
#football,sham,1,25/04/2022
#football,shadeblack,1,25/04/2022
#football,sevenoakstownfc,1,25/04/2022
#football,setlife,1,25/04/2022
#football,sesh,1,25/04/2022
#football,services,1,25/04/2022
#football,series,1,25/04/2022
#football,serieb,1,25/04/2022
#football,alhaly,1,25/04/2022
#football,alidia,1,25/04/2022
#football,allen,1,25/04/2022
#football,semifinal,1,25/04/2022
#football,selltheteamcal,1,25/04/2022
#football,selhurstpark,1,25/04/2022
#football,selfconciuosness,1,25/04/2022
#football,selfawareness,1,25/04/2022
#football,selecaobrasileira,1,25/04/2022
#football,selecao,1,25/04/2022
#football,seeyousoon,1,25/04/2022
#football,seduction,1,25/04/2022
#football,secondary,1,25/04/2022
#football,seattleseahawksfootball,1,25/04/2022
#football,seattlefootball,1,25/04/2022
#football,seattle,1,25/04/2022
#football,seasonover,1,25/04/2022
#football,soccermanagertactics,1,25/04/2022
#football,soccerplayer,1,25/04/2022
#football,soccerstreams,1,25/04/2022
#football,summer,1,25/04/2022
#football,students,1,25/04/2022
#football,studentlife,1,25/04/2022
#football,stripedskully,1,25/04/2022
#football,stripe,1,25/04/2022
#football,stretch,1,25/04/2022
#football,strengthtraining,1,25/04/2022
#football,strengthcoach,1,25/04/2022
#football,strengthandconditioning,1,25/04/2022
#football,strength,1,25/04/2022
#football,streetsoccer,1,25/04/2022
#football,streetfootball,1,25/04/2022
#football,streamer,1,25/04/2022
#football,agoroskylight,1,25/04/2022
#football,streak,1,25/04/2022
#football,strategy,1,25/04/2022
#football,strapback,1,25/04/2022
#football,stocktonontees,1,25/04/2022
#football,stockholm_derby,1,25/04/2022
#football,stfc,1,25/04/2022
#football,stevenage,1,25/04/2022
#football,stellenbosch,1,25/04/2022
#football,stefondiggs,1,25/04/2022
#football,steelmen,1,25/04/2022
#football,agorounitedfc,1,25/04/2022
#football,statement,1,25/04/2022
#football,suegrayreport,1,25/04/2022
#football,summerterm,1,25/04/2022
#football,startrek,1,25/04/2022
#football,sundayfunday,1,25/04/2022
#football,agilitytraining,1,25/04/2022
#football,tailgating,1,25/04/2022
#football,tagovailoa,1,25/04/2022
#football,tacklingmentalhealth,1,25/04/2022
#football,switzerland,1,25/04/2022
#football,swingman,1,25/04/2022
#football,swfc,1,25/04/2022
#football,sweatshirt,1,25/04/2022
#football,suttonunited,1,25/04/2022
#football,sutro,1,25/04/2022
#football,survivorsrbija,1,25/04/2022
#football,supremecourt,1,25/04/2022
#football,supremeathlete,1,25/04/2022
#football,supportlocal,1,25/04/2022
#football,supertuna_jin,1,25/04/2022
#football,sunshine,1,25/04/2022
#football,sunset,1,25/04/2022
#football,sunrise,1,25/04/2022
#football,sunphotography,1,25/04/2022
#football,sundownsfc,1,25/04/2022
#football,sundowns,1,25/04/2022
#football,sundevilstadium,1,25/04/2022
#football,sundevilprideiscontagious,1,25/04/2022
#football,sunderland,1,25/04/2022
#football,sundayleague,1,25/04/2022
#football,stat,1,25/04/2022
#football,starfootyawards,1,25/04/2022
#football,socialdistancing,1,25/04/2022
#football,sportingmemoriesmemorabilia,1,25/04/2022
#football,sporting,1,25/04/2022
#football,sportcards,1,25/04/2022
#football,ajaxmedia,1,25/04/2022
#football,sponsorship,1,25/04/2022
#football,spl,1,25/04/2022
#football,ajaxtv,1,25/04/2022
#football,speedladder,1,25/04/2022
#football,speedboyfootball,1,25/04/2022
#football,speaker,1,25/04/2022
#football,spartans,1,25/04/2022
#football,spanishfootball,1,25/04/2022
#football,spain,1,25/04/2022
#football,sox,1,25/04/2022
#football,southend,1,25/04/2022
#football,southdakotastate,1,25/04/2022
#football,aksc,1,25/04/2022
#football,alabama,1,25/04/2022
#football,south,1,25/04/2022
#football,nonalcoholic,1,25/04/2022
#football,soul,1,25/04/2022
#football,alaves,1,25/04/2022
#football,somuchmore,1,25/04/2022
#football,sokker,1,25/04/2022
#football,soft,1,25/04/2022
#football,sofistadium,1,25/04/2022
#football,sportingevents,1,25/04/2022
#football,ajaxamsterdam,1,25/04/2022
#football,standard,1,25/04/2022
#football,sportsbar,1,25/04/2022
#football,aidanhutchinson,1,25/04/2022
#football,stamfordbridge,1,25/04/2022
#football,staff,1,25/04/2022
#football,stadiumviews,1,25/04/2022
#football,stadiumview,1,25/04/2022
#football,staderennais,1,25/04/2022
#football,srbija,1,25/04/2022
#football,squat,1,25/04/2022
#football,sportybet,1,25/04/2022
#football,sportswear,1,25/04/2022
#football,sportsvideo,1,25/04/2022
#football,sportstechnology,1,25/04/2022
#football,sportsteam,1,25/04/2022
#football,sportsperformance,1,25/04/2022
#football,sportsmen,1,25/04/2022
#football,sportsmedia,1,25/04/2022
#football,sportsgambling,1,25/04/2022
#football,sportsforall,1,25/04/2022
#football,sportsedit,1,25/04/2022
#football,sportscenter,1,25/04/2022
#football,sportscardsforsale,1,25/04/2022
#football,aik,1,25/04/2022
#football,sportscardinvesting,1,25/04/2022
#football,sportsbiz,1,25/04/2022
#football,sportsbettingpicks,1,25/04/2022
#football,attention,1,25/04/2022
#football,middleaged,1,25/04/2022
#football,nola,1,25/04/2022
#football,ffn,1,25/04/2022
#football,feyutr,1,25/04/2022
#football,fenerbahce,1,25/04/2022
#football,feminism,1,25/04/2022
#football,femalesinflag,1,25/04/2022
#football,feet,1,25/04/2022
#football,federal,1,25/04/2022
#football,fcsb,1,25/04/2022
#football,fcs,1,25/04/2022
#football,fashionweek,1,25/04/2022
#football,farmer,1,25/04/2022
#football,fareferees,1,25/04/2022
#football,fantasyfootballnetwork,1,25/04/2022
#football,bigone,1,25/04/2022
#football,fanledreview,1,25/04/2022
#football,fanexperience,1,25/04/2022
#football,fandom,1,25/04/2022
#football,fanatics,1,25/04/2022
#football,faith,1,25/04/2022
#football,failsworth,1,25/04/2022
#football,fai,1,25/04/2022
#football,biker,1,25/04/2022
#football,facemasks,1,25/04/2022
#football,faaffiliated,1,25/04/2022
#football,fa,1,25/04/2022
#football,f2freestylers,1,25/04/2022
#football,f12022,1,25/04/2022
#football,f,1,25/04/2022
#football,ffc,1,25/04/2022
#football,fieldgoal,1,25/04/2022
#football,bettingpeople,1,25/04/2022
#football,bigbrothers,1,25/04/2022
#football,foodandbeverage,1,25/04/2022
#football,bettingsuccess,1,25/04/2022
#football,follow4follow,1,25/04/2022
#football,foden,1,25/04/2022
#football,focus,1,25/04/2022
#football,fm22,1,25/04/2022
#football,flyeaglesfly,1,25/04/2022
#football,fluminense,1,25/04/2022
#football,flex,1,25/04/2022
#football,fleece,1,25/04/2022
#football,flagfootballfanatics,1,25/04/2022
#football,flacco,1,25/04/2022
#football,fixtures,1,25/04/2022
#football,fixed,1,25/04/2022
#football,fix,1,25/04/2022
#football,fits,1,25/04/2022
#football,fitnessset,1,25/04/2022
#football,fitnesscoaching,1,25/04/2022
#football,betway,1,25/04/2022
#football,firstoverallpick,1,25/04/2022
#football,firmino,1,25/04/2022
#football,fired,1,25/04/2022
#football,film,1,25/04/2022
#football,fifty,1,25/04/2022
#football,fifaworldcupqatar2022,1,25/04/2022
#football,bhfyp,1,25/04/2022
#football,bible,1,25/04/2022
#football,eyimba,1,25/04/2022
#football,experience,1,25/04/2022
#football,euskadi,1,25/04/2022
#football,euros,1,25/04/2022
#football,elections,1,25/04/2022
#football,election2022,1,25/04/2022
#football,elclasico,1,25/04/2022
#football,edinburgh,1,25/04/2022
#football,ederson,1,25/04/2022
#football,eddiejackson,1,25/04/2022
#football,ed,1,25/04/2022
#football,eclipse,1,25/04/2022
#football,ecl,1,25/04/2022
#football,ebooks,1,25/04/2022
#football,ebayfinds,1,25/04/2022
#football,billsfans,1,25/04/2022
#football,eaved,1,25/04/2022
#football,easter,1,25/04/2022
#football,east,1,25/04/2022
#football,earnmoneyonline,1,25/04/2022
#football,ealing,1,25/04/2022
#football,eaglesdraft,1,25/04/2022
#football,dynastyleague,1,25/04/2022
#football,duuuval,1,25/04/2022
#football,durant,1,25/04/2022
#football,dstv,1,25/04/2022
#football,drogba,1,25/04/2022
#football,driver,1,25/04/2022
#football,drinks,1,25/04/2022
#football,drinking,1,25/04/2022
#football,dribble,1,25/04/2022
#football,elections2022,1,25/04/2022
#football,electric,1,25/04/2022
#football,elegant,1,25/04/2022
#football,englishpremiership,1,25/04/2022
#football,euro2028,1,25/04/2022
#football,euro2016,1,25/04/2022
#football,etvscandal,1,25/04/2022
#football,etna,1,25/04/2022
#football,ethihad,1,25/04/2022
#football,etherum,1,25/04/2022
#football,bilbao,1,25/04/2022
#football,esports,1,25/04/2022
#football,espncaribbean,1,25/04/2022
#football,espana,1,25/04/2022
#football,eplhighlights1920,1,25/04/2022
#football,billiard,1,25/04/2022
#football,englishchampionship,1,25/04/2022
#football,elevateyourtailgate,1,25/04/2022
#football,englandfootballteam,1,25/04/2022
#football,billingham,1,25/04/2022
#football,endofseason,1,25/04/2022
#football,embroidered,1,25/04/2022
#football,elonmuskbuytwitter,1,25/04/2022
#football,elondoge,1,25/04/2022
#football,elks,1,25/04/2022
#football,elitesthlete,1,25/04/2022
#football,elitecollectibles,1,25/04/2022
#football,eliteathlete,1,25/04/2022
#football,elite,1,25/04/2022
#football,eli,1,25/04/2022
#football,footballacademy,1,25/04/2022
#football,bettingonline,1,25/04/2022
#football,dress,1,25/04/2022
#football,ggmu,1,25/04/2022
#football,getfit,1,25/04/2022
#football,getboosted,1,25/04/2022
#football,germanbundesliga,1,25/04/2022
#football,german,1,25/04/2022
#football,george,1,25/04/2022
#football,genuine,1,25/04/2022
#football,gentlemen,1,25/04/2022
#football,gentleman,1,25/04/2022
#football,genius,1,25/04/2022
#football,generationdoge,1,25/04/2022
#football,gay,1,25/04/2022
#football,garylinaker,1,25/04/2022
#football,garoppolo,1,25/04/2022
#football,gameweek,1,25/04/2022
#football,gamersunite,1,25/04/2022
#football,betika,1,25/04/2022
#football,gamefi,1,25/04/2022
#football,gameday,1,25/04/2022
#football,gamechanger,1,25/04/2022
#football,betking,1,25/04/2022
#football,gamblingtwittter,1,25/04/2022
#football,betresponsibly,1,25/04/2022
#football,gambia,1,25/04/2022
#football,gambaosaka,1,25/04/2022
#football,gaiter,1,25/04/2022
#football,fyp„Ç∑,1,25/04/2022
#football,fu√üball,1,25/04/2022
#football,gff,1,25/04/2022
#football,ghana,1,25/04/2022
#football,footballbets,1,25/04/2022
#football,ghanapremiereleague,1,25/04/2022
#football,godawgs,1,25/04/2022
#football,gobucs,1,25/04/2022
#football,goatìÉµ,1,25/04/2022
#football,goatednews,1,25/04/2022
#football,goalkeepertraining,1,25/04/2022
#football,goalkeepersaves,1,25/04/2022
#football,goalkeepers,1,25/04/2022
#football,goalkeeperlife,1,25/04/2022
#football,goalkeepergloves,1,25/04/2022
#football,goalkeeper,1,25/04/2022
#football,goalie,1,25/04/2022
#football,bestfriend,1,25/04/2022
#football,gloves,1,25/04/2022
#football,global,1,25/04/2022
#football,glendale,1,25/04/2022
#football,glanmireabu,1,25/04/2022
#football,glanmire,1,25/04/2022
#football,gk,1,25/04/2022
#football,giveawaynft,1,25/04/2022
#football,gistlover,1,25/04/2022
#football,girlsfutsal,1,25/04/2022
#football,bet9ja,1,25/04/2022
#football,girlscanplaytoo,1,25/04/2022
#football,girlscanplayfootballtoo,1,25/04/2022
#football,girlscanolayfootballtoo,1,25/04/2022
#football,giftforme,1,25/04/2022
#football,gift,1,25/04/2022
#football,futurestars,1,25/04/2022
#football,future,1,25/04/2022
#football,futsal,1,25/04/2022
#football,futbolfanatics,1,25/04/2022
#football,fortheshoe,1,25/04/2022
#football,forthebrand,1,25/04/2022
#football,forsoccerlovers,1,25/04/2022
#football,forrestgump,1,25/04/2022
#football,formulaone,1,25/04/2022
#football,forksup,1,25/04/2022
#football,foreveramber,1,25/04/2022
#football,footy,1,25/04/2022
#football,footballvideos,1,25/04/2022
#football,footballtraining,1,25/04/2022
#football,footballtime,1,25/04/2022
#football,footballsoftware,1,25/04/2022
#football,footballshirts,1,25/04/2022
#football,footballplayers,1,25/04/2022
#football,footballplaybook,1,25/04/2022
#football,footballnews,1,25/04/2022
#football,footballlive,1,25/04/2022
#football,footballkits,1,25/04/2022
#football,footballkit,1,25/04/2022
#football,footballgame,1,25/04/2022
#football,footballfreestyle,1,25/04/2022
#football,footballfanatics,1,25/04/2022
#football,footballfamily,1,25/04/2022
#football,footballdrill,1,25/04/2022
#football,footballdesign,1,25/04/2022
#football,footballclub,1,25/04/2022
#football,footballbooks,1,25/04/2022
#football,fotbal,1,25/04/2022
#football,fotbol,1,25/04/2022
#football,foxsports,1,25/04/2022
#football,fsn,1,25/04/2022
#football,futbolas,1,25/04/2022
#football,fury,1,25/04/2022
#football,furniture,1,25/04/2022
#football,furia,1,25/04/2022
#football,fupanet,1,25/04/2022
#football,fupalux,1,25/04/2022
#football,fupa,1,25/04/2022
#football,funtimes,1,25/04/2022
#football,funny,1,25/04/2022
#football,fulham,1,25/04/2022
#football,ftx,1,25/04/2022
#football,fsu,1,25/04/2022
#football,friendshipgoals,1,25/04/2022
#football,france,1,25/04/2022
#football,freestylefootball,1,25/04/2022
#football,freesafety,1,25/04/2022
#football,freepick,1,25/04/2022
#football,freepalestine,1,25/04/2022
#football,freelance,1,25/04/2022
#football,freedomofreligion,1,25/04/2022
#football,freedomfromreligion,1,25/04/2022
#football,freedom,1,25/04/2022
#football,free,1,25/04/2022
#football,fraud,1,25/04/2022
#football,franklin,1,25/04/2022
#football,franco,1,25/04/2022
#football,dri,1,25/04/2022
#football,dream,1,25/04/2022
#football,nodaysoff,1,25/04/2022
#football,chrebet,1,25/04/2022
#football,chiefsnation,1,25/04/2022
#football,chiefskingdom,1,25/04/2022
#football,chiefsfootball,1,25/04/2022
#football,chicharito,1,25/04/2022
#football,blurt,1,25/04/2022
#football,cheyenne,1,25/04/2022
#football,cheshirejobs,1,25/04/2022
#football,chemocap,1,25/04/2022
#football,board,1,25/04/2022
#football,cheerleader,1,25/04/2022
#football,cheercoach,1,25/04/2022
#football,cheer,1,25/04/2022
#football,checkitout,1,25/04/2022
#football,charity,1,25/04/2022
#football,charger,1,25/04/2022
#football,channel,1,25/04/2022
#football,changinglives,1,25/04/2022
#football,change,1,25/04/2022
#football,boards,1,25/04/2022
#football,boavista,1,25/04/2022
#football,bobwhitfield,1,25/04/2022
#football,champ10ns,1,25/04/2022
#football,chambara,1,25/04/2022
#football,ch4news,1,25/04/2022
#football,cfldraft22,1,25/04/2022
#football,cfc,1,25/04/2022
#football,centralmichigan,1,25/04/2022
#football,chocolate,1,25/04/2022
#football,christ,1,25/04/2022
#football,colts,1,25/04/2022
#football,christianwatson,1,25/04/2022
#football,collegerecruiting,1,25/04/2022
#football,collegelife,1,25/04/2022
#football,collegebound,1,25/04/2022
#football,collegeathlete,1,25/04/2022
#football,collectible,1,25/04/2022
#football,coins,1,25/04/2022
#football,coffee,1,25/04/2022
#football,coachinglifestyle,1,25/04/2022
#football,coachinglife,1,25/04/2022
#football,blog,1,25/04/2022
#football,coacheducation,1,25/04/2022
#football,clubsoccer,1,25/04/2022
#football,clock,1,25/04/2022
#football,clavin,1,25/04/2022
#football,classygentlemen,1,25/04/2022
#football,classof2023,1,25/04/2022
#football,classof2022,1,25/04/2022
#football,classicfootballshirts,1,25/04/2022
#football,classicawardsupsa,1,25/04/2022
#football,class,1,25/04/2022
#football,clarkgregg,1,25/04/2022
#football,civilwar,1,25/04/2022
#football,bluelotsucks,1,25/04/2022
#football,cifss,1,25/04/2022
#football,cif,1,25/04/2022
#football,chute,1,25/04/2022
#football,chrome,1,25/04/2022
#football,celebrity,1,25/04/2022
#football,celebration,1,25/04/2022
#football,catch,1,25/04/2022
#football,catania,1,25/04/2022
#football,btts,1,25/04/2022
#football,bonus,1,25/04/2022
#football,bryceyoung,1,25/04/2022
#football,bruins,1,25/04/2022
#football,brianza,1,25/04/2022
#football,brfc,1,25/04/2022
#football,brexitreality,1,25/04/2022
#football,bretagne,1,25/04/2022
#football,bresilpaysbas,1,25/04/2022
#football,breecehall,1,25/04/2022
#football,breakingbarriers,1,25/04/2022
#football,breakdown,1,25/04/2022
#football,brazilholanda,1,25/04/2022
#football,brazil,1,25/04/2022
#football,brass,1,25/04/2022
#football,branded,1,25/04/2022
#football,brady,1,25/04/2022
#football,books,1,25/04/2022
#football,boxed,1,25/04/2022
#football,bowling,1,25/04/2022
#football,bottas,1,25/04/2022
#football,borussiam,1,25/04/2022
#football,boring,1,25/04/2022
#football,bored,1,25/04/2022
#football,boostedfam,1,25/04/2022
#football,boosted,1,25/04/2022
#football,boost,1,25/04/2022
#football,buccaneers,1,25/04/2022
#football,bones,1,25/04/2022
#football,buffalobillsfootball,1,25/04/2022
#football,can,1,25/04/2022
#football,casino,1,25/04/2022
#football,boelter,1,25/04/2022
#football,cars,1,25/04/2022
#football,boherceltic,1,25/04/2022
#football,carry,1,25/04/2022
#football,carolina,1,25/04/2022
#football,caringunited,1,25/04/2022
#football,cardinals,1,25/04/2022
#football,cardiacrehab,1,25/04/2022
#football,cardcollecting,1,25/04/2022
#football,captain,1,25/04/2022
#football,canon,1,25/04/2022
#football,camera,1,25/04/2022
#football,bulldogs,1,25/04/2022
#football,boieng,1,25/04/2022
#football,cabinet,1,25/04/2022
#football,c4news,1,25/04/2022
#football,by,1,25/04/2022
#football,bvb,1,25/04/2022
#football,businesses,1,25/04/2022
#football,boiseblackknights,1,25/04/2022
#football,bury,1,25/04/2022
#football,burrow,1,25/04/2022
#football,burnstanfc,1,25/04/2022
#football,burnley,1,25/04/2022
#football,bunkerunited,1,25/04/2022
#football,collegesoccer,1,25/04/2022
#football,columbus,1,25/04/2022
#football,draftparty,1,25/04/2022
#football,deportivo,1,25/04/2022
#football,denilson,1,25/04/2022
#football,birthday,1,25/04/2022
#football,deion,1,25/04/2022
#football,degea,1,25/04/2022
#football,degavseveryone,1,25/04/2022
#football,degastrong,1,25/04/2022
#football,degaproud,1,25/04/2022
#football,defensiveline,1,25/04/2022
#football,defensivebacks,1,25/04/2022
#football,defensiveback,1,25/04/2022
#football,defense,1,25/04/2022
#football,deebosamuels,1,25/04/2022
#football,deebosamuel,1,25/04/2022
#football,declanrice,1,25/04/2022
#football,declan,1,25/04/2022
#football,decisionpoint,1,25/04/2022
#football,debruyne,1,25/04/2022
#football,debate,1,25/04/2022
#football,dcfcfans,1,25/04/2022
#football,db,1,25/04/2022
#football,data,1,25/04/2022
#football,dart,1,25/04/2022
#football,danmarino,1,25/04/2022
#football,dangerous,1,25/04/2022
#football,dalvin,1,25/04/2022
#football,dalton,1,25/04/2022
#football,dalmine,1,25/04/2022
#football,dennistoun,1,25/04/2022
#football,deshaun,1,25/04/2022
#football,comforter,1,25/04/2022
#football,binancesmartchain,1,25/04/2022
#football,dqdesign,1,25/04/2022
#football,doubleyourday,1,25/04/2022
#football,double,1,25/04/2022
#football,dontsaypray,1,25/04/2022
#football,dontbottleitup,1,25/04/2022
#football,dogsoftwitter,1,25/04/2022
#football,doggwrld7v7,1,25/04/2022
#football,doggwrld,1,25/04/2022
#football,doge,1,25/04/2022
#football,dog,1,25/04/2022
#football,dodgers,1,25/04/2022
#football,dmv,1,25/04/2022
#football,djurg√•rden,1,25/04/2022
#football,dividers,1,25/04/2022
#football,discordlinks,1,25/04/2022
#football,disc,1,25/04/2022
#football,digitalmarketing,1,25/04/2022
#football,diegomaradona,1,25/04/2022
#football,diego,1,25/04/2022
#football,didierdrogba,1,25/04/2022
#football,diamondhands,1,25/04/2022
#football,diagonal,1,25/04/2022
#football,binance,1,25/04/2022
#football,dessert,1,25/04/2022
#football,desktop,1,25/04/2022
#football,designgrafico,1,25/04/2022
#football,designer,1,25/04/2022
#football,dallas,1,25/04/2022
#football,dabears,1,25/04/2022
#football,d3,1,25/04/2022
#football,d1bound,1,25/04/2022
#football,cover_the_game,1,25/04/2022
#football,courts,1,25/04/2022
#football,coupedumonde1998,1,25/04/2022
#football,blackdiamondfirm,1,25/04/2022
#football,corruption,1,25/04/2022
#football,corrupt,1,25/04/2022
#football,coronavirus,1,25/04/2022
#football,cornhuskers,1,25/04/2022
#football,cornerbacks,1,25/04/2022
#football,copsport,1,25/04/2022
#football,cook,1,25/04/2022
#football,blanket,1,25/04/2022
#football,contenders,1,25/04/2022
#football,conte,1,25/04/2022
#football,connect,1,25/04/2022
#football,congrats,1,25/04/2022
#football,confidence,1,25/04/2022
#football,cones,1,25/04/2022
#football,concussions,1,25/04/2022
#football,concourse,1,25/04/2022
#football,computer,1,25/04/2022
#football,complete,1,25/04/2022
#football,bleechr,1,25/04/2022
#football,companere,1,25/04/2022
#football,commonwealthgames,1,25/04/2022
#football,commitment,1,25/04/2022
#football,comingsoon,1,25/04/2022
#football,covid,1,25/04/2022
#football,covid19,1,25/04/2022
#football,cowboys,1,25/04/2022
#football,cristalpalace,1,25/04/2022
#football,d10s,1,25/04/2022
#football,d,1,25/04/2022
#football,cyclones,1,25/04/2022
#football,curve,1,25/04/2022
#football,cup,1,25/04/2022
#football,crystalpalacevsleedsunited,1,25/04/2022
#football,birthdayboy,1,25/04/2022
#football,cryptonews,1,25/04/2022
#football,cryptocurrencies,1,25/04/2022
#football,cry,1,25/04/2022
#football,cruyfflegacy,1,25/04/2022
#football,cristiano,1,25/04/2022
#football,criminal,1,25/04/2022
#football,blackburnrovers,1,25/04/2022
#football,bitsler,1,25/04/2022
#football,cri,1,25/04/2022
#football,crew,1,25/04/2022
#football,crazygang,1,25/04/2022
#football,crawlspace,1,25/04/2022
#football,crawley,1,25/04/2022
#football,crafts,1,25/04/2022
#football,cr7,1,25/04/2022
#football,bkmilanfc,1,25/04/2022
#football,cp,1,25/04/2022
#football,coys,1,25/04/2022
#football,coyjs,1,25/04/2022
#football,godevils,1,25/04/2022
#football,goifl,1,25/04/2022
#football,gold,1,25/04/2022
#football,matt,1,25/04/2022
#football,math,1,25/04/2022
#football,mateoronaldo,1,25/04/2022
#football,matchday,1,25/04/2022
#football,mat,1,25/04/2022
#football,mastertheball,1,25/04/2022
#football,masters,1,25/04/2022
#football,massivematch,1,25/04/2022
#football,marketplace,1,25/04/2022
#football,marketing,1,25/04/2022
#football,marine,1,25/04/2022
#football,margot,1,25/04/2022
#football,marcusrashford,1,25/04/2022
#football,marcus,1,25/04/2022
#football,manx,1,25/04/2022
#football,bar,1,25/04/2022
#football,barca,1,25/04/2022
#football,mansfield,1,25/04/2022
#football,bare,1,25/04/2022
#football,barrel,1,25/04/2022
#football,mancityvsrealmadrid,1,25/04/2022
#football,mancityrealmadrid,1,25/04/2022
#football,base,1,25/04/2022
#football,baseballcards,1,25/04/2022
#football,manchesterjobs,1,25/04/2022
#football,basketballcards,1,25/04/2022
#football,basque,1,25/04/2022
#football,manc,1,25/04/2022
#football,matip,1,25/04/2022
#football,matte,1,25/04/2022
#football,boomorbust,1,25/04/2022
#football,mbapp√©,1,25/04/2022
#football,miahamm,1,25/04/2022
#football,mflkitcontest,1,25/04/2022
#football,mfl,1,25/04/2022
#football,mfc,1,25/04/2022
#football,metoval,1,25/04/2022
#football,metaversenft,1,25/04/2022
#football,metamask,1,25/04/2022
#football,metal,1,25/04/2022
#football,meta,1,25/04/2022
#football,merseysidederby,1,25/04/2022
#football,merchandise,1,25/04/2022
#football,merch,1,25/04/2022
#football,mentorship,1,25/04/2022
#football,mentor,1,25/04/2022
#football,mentalhealthmonday,1,25/04/2022
#football,mentalhealthmatters,1,25/04/2022
#football,mentalhealthawareness,1,25/04/2022
#football,bank508,1,25/04/2022
#football,menswear,1,25/04/2022
#football,menshealth,1,25/04/2022
#football,mensfashion,1,25/04/2022
#football,banner,1,25/04/2022
#football,mega,1,25/04/2022
#football,meet,1,25/04/2022
#football,mcirma,1,25/04/2022
#football,mcheza,1,25/04/2022
#football,mccaffrey,1,25/04/2022
#football,management,1,25/04/2022
#football,man,1,25/04/2022
#football,malappuram,1,25/04/2022
#football,makingadifference,1,25/04/2022
#football,livetv,1,25/04/2022
#football,livestreaming,1,25/04/2022
#football,liverpoolvsvillarreal,1,25/04/2022
#football,liverpoolfcfans,1,25/04/2022
#football,bbq,1,25/04/2022
#football,bday,1,25/04/2022
#football,liv,1,25/04/2022
#football,link,1,25/04/2022
#football,lingard,1,25/04/2022
#football,lineup11,1,25/04/2022
#football,lineup,1,25/04/2022
#football,linemarking,1,25/04/2022
#football,linebacker,1,25/04/2022
#football,bdsportsmgmt,1,25/04/2022
#football,ligueun,1,25/04/2022
#football,liguedeschampions,1,25/04/2022
#football,ligue1ubereats,1,25/04/2022
#football,ligue1,1,25/04/2022
#football,lightstreak,1,25/04/2022
#football,lights,1,25/04/2022
#football,lighting,1,25/04/2022
#football,lighted,1,25/04/2022
#football,ligaportugal,1,25/04/2022
#football,lifeskills,1,25/04/2022
#football,life,1,25/04/2022
#football,license,1,25/04/2022
#football,libyan,1,25/04/2022
#football,liveve,1,25/04/2022
#football,12thman,1,25/04/2022
#football,bayernmunich,1,25/04/2022
#football,lunarcrush,1,25/04/2022
#football,makersmark,1,25/04/2022
#football,makefriends,1,25/04/2022
#football,mahrez,1,25/04/2022
#football,mahogany,1,25/04/2022
#football,madrid,1,25/04/2022
#football,made,1,25/04/2022
#football,madden22,1,25/04/2022
#football,madden,1,25/04/2022
#football,machesterunited,1,25/04/2022
#football,m10,1,25/04/2022
#football,lv,1,25/04/2022
#football,lutontown,1,25/04/2022
#football,luisdiaz,1,25/04/2022
#football,long,1,25/04/2022
#football,luck,1,25/04/2022
#football,ltgbq,1,25/04/2022
#football,ltftv,1,25/04/2022
#football,ltfc,1,25/04/2022
#football,battle7v7,1,25/04/2022
#football,battle7v7nationaltour,1,25/04/2022
#football,lovedoes,1,25/04/2022
#football,battlesports,1,25/04/2022
#football,louisiana,1,25/04/2022
#football,bay,1,25/04/2022
#football,lordoflords,1,25/04/2022
#football,loose,1,25/04/2022
#football,michigan,1,25/04/2022
#football,midia,1,25/04/2022
#football,goleiro,1,25/04/2022
#football,nfluk,1,25/04/2022
#football,nflfootball,1,25/04/2022
#football,australia,1,25/04/2022
#football,nfldrafts,1,25/04/2022
#football,authentic,1,25/04/2022
#football,author,1,25/04/2022
#football,nflcombine,1,25/04/2022
#football,nfceast,1,25/04/2022
#football,nfc,1,25/04/2022
#football,neymarjr,1,25/04/2022
#football,ney,1,25/04/2022
#football,newyork,1,25/04/2022
#football,newton,1,25/04/2022
#football,newsnight,1,25/04/2022
#football,newjersey,1,25/04/2022
#football,newera,1,25/04/2022
#football,newcry,1,25/04/2022
#football,nevada,1,25/04/2022
#football,neurovision,1,25/04/2022
#football,networking,1,25/04/2022
#football,netherlands,1,25/04/2022
#football,ness,1,25/04/2022
#football,nesc,1,25/04/2022
#football,needle,1,25/04/2022
#football,neck,1,25/04/2022
#football,nebraska,1,25/04/2022
#football,ndsu,1,25/04/2022
#football,ndnallstars,1,25/04/2022
#football,nflfreeagency,1,25/04/2022
#football,nflvideos,1,25/04/2022
#football,milan,1,25/04/2022
#football,nflvlog,1,25/04/2022
#football,noahfant,1,25/04/2022
#football,nintendoswitchsports,1,25/04/2022
#football,nintendoswitch,1,25/04/2022
#football,niners,1,25/04/2022
#football,aubameyang,1,25/04/2022
#football,night,1,25/04/2022
#football,nigerianidols7,1,25/04/2022
#football,auction,1,25/04/2022
#football,nftthailand,1,25/04/2022
#football,nftthaicommunity,1,25/04/2022
#football,audio,1,25/04/2022
#football,nftproject,1,25/04/2022
#football,nftmarketplace,1,25/04/2022
#football,nftla,1,25/04/2022
#football,nftjapan,1,25/04/2022
#football,nftgiveaways,1,25/04/2022
#football,nftgaming,1,25/04/2022
#football,nftdesign,1,25/04/2022
#football,nftcrypto,1,25/04/2022
#football,nftcreator,1,25/04/2022
#football,nftcommmunity,1,25/04/2022
#football,nftcollections,1,25/04/2022
#football,nftcollectibles,1,25/04/2022
#football,nftartists,1,25/04/2022
#football,nftartist,1,25/04/2022
#football,nft2022,1,25/04/2022
#football,august,1,25/04/2022
#football,ncaabb,1,25/04/2022
#football,back,1,25/04/2022
#football,nbaplayoffs,1,25/04/2022
#football,backpack,1,25/04/2022
#football,motherwellfc,1,25/04/2022
#football,most,1,25/04/2022
#football,monza,1,25/04/2022
#football,moneylaundering,1,25/04/2022
#football,mondaynightfootball,1,25/04/2022
#football,mondaymood,1,25/04/2022
#football,mondayclub,1,25/04/2022
#football,monday,1,25/04/2022
#football,mold,1,25/04/2022
#football,moisture,1,25/04/2022
#football,modric,1,25/04/2022
#football,modern,1,25/04/2022
#football,mockdraft,1,25/04/2022
#football,mock,1,25/04/2022
#football,mo,1,25/04/2022
#football,mnf,1,25/04/2022
#football,mm88zeed,1,25/04/2022
#football,mlsnext,1,25/04/2022
#football,mls,1,25/04/2022
#football,mlbtheshow,1,25/04/2022
#football,mitchell,1,25/04/2022
#football,missouri,1,25/04/2022
#football,missingfootball,1,25/04/2022
#football,mintingnow,1,25/04/2022
#football,minneapolis,1,25/04/2022
#football,millersvilleuniversity,1,25/04/2022
#football,millennial,1,25/04/2022
#football,motivation,1,25/04/2022
#football,motivationmonday,1,25/04/2022
#football,motorcycle,1,25/04/2022
#football,myfanspace,1,25/04/2022
#football,nba2k22,1,25/04/2022
#football,backpackcrossbody,1,25/04/2022
#football,navywhite,1,25/04/2022
#football,naturephotography,1,25/04/2022
#football,nationalteaday,1,25/04/2022
#football,badminton,1,25/04/2022
#football,nationalfootballconferencenorthdivision,1,25/04/2022
#football,badmintoncourt,1,25/04/2022
#football,nationalchamps,1,25/04/2022
#football,napoli,1,25/04/2022
#football,nal2022,1,25/04/2022
#football,mysterybox,1,25/04/2022
#football,mvffootball,1,25/04/2022
#football,motorcycles,1,25/04/2022
#football,mvf,1,25/04/2022
#football,mutualmonday,1,25/04/2022
#football,mutd,1,25/04/2022
#football,mutantfootballleague,1,25/04/2022
#football,musicmonday,1,25/04/2022
#football,musician,1,25/04/2022
#football,musica,1,25/04/2022
#football,baggo,1,25/04/2022
#football,mufctickets,1,25/04/2022
#football,bajen,1,25/04/2022
#football,balkan,1,25/04/2022
#football,movie,1,25/04/2022
#football,beafraid,1,25/04/2022
#football,levihorn,1,25/04/2022
#football,letzebuerg,1,25/04/2022
#football,icon,1,25/04/2022
#football,iactarmenia,1,25/04/2022
#football,huskers,1,25/04/2022
#football,huobi,1,25/04/2022
#football,humor,1,25/04/2022
#football,hudl,1,25/04/2022
#football,ht_ft,1,25/04/2022
#football,howie,1,25/04/2022
#football,begambleaware,1,25/04/2022
#football,hottytoddy,1,25/04/2022
#football,hot,1,25/04/2022
#football,hospitality,1,25/04/2022
#football,horseracing,1,25/04/2022
#football,hope,1,25/04/2022
#football,hoosiers,1,25/04/2022
#football,hoodiegang,1,25/04/2022
#football,home,1,25/04/2022
#football,holmesdale,1,25/04/2022
#football,hmfc,1,25/04/2022
#football,hjk,1,25/04/2022
#football,hit,1,25/04/2022
#football,historymakers,1,25/04/2022
#football,behindthescenes,1,25/04/2022
#football,hilight,1,25/04/2022
#football,hiker,1,25/04/2022
#football,bello,1,25/04/2022
#football,highlights,1,25/04/2022
#football,hibs,1,25/04/2022
#football,icecream,1,25/04/2022
#football,ideas,1,25/04/2022
#football,letsgobuffalo,1,25/04/2022
#football,ifl,1,25/04/2022
#football,intramuralsports,1,25/04/2022
#football,inthemoment,1,25/04/2022
#football,interview,1,25/04/2022
#football,intermilan,1,25/04/2022
#football,interception,1,25/04/2022
#football,instantreplay,1,25/04/2022
#football,instafollow,1,25/04/2022
#football,insights,1,25/04/2022
#football,insidethehashes,1,25/04/2022
#football,bed,1,25/04/2022
#football,inglewood,1,25/04/2022
#football,infants,1,25/04/2022
#football,industries,1,25/04/2022
#football,indoorfootballleague,1,25/04/2022
#football,indoorfl,1,25/04/2022
#football,indianapolis,1,25/04/2022
#football,indianacolts,1,25/04/2022
#football,beer,1,25/04/2022
#football,indepthrevelation,1,25/04/2022
#football,indepthinterpretation,1,25/04/2022
#football,inc,1,25/04/2022
#football,in,1,25/04/2022
#football,beers,1,25/04/2022
#football,ilovesoccer,1,25/04/2022
#football,ilovejax,1,25/04/2022
#football,illustrated,1,25/04/2022
#football,ikurrina,1,25/04/2022
#football,hertfordshire,1,25/04/2022
#football,heritage,1,25/04/2022
#football,hergametoo,1,25/04/2022
#football,herbert,1,25/04/2022
#football,growingthegame,1,25/04/2022
#football,groupbreaks,1,25/04/2022
#football,groundhopping,1,25/04/2022
#football,grorud,1,25/04/2022
#football,grind,1,25/04/2022
#football,grim,1,25/04/2022
#football,green,1,25/04/2022
#football,greeksabroad,1,25/04/2022
#football,greekfootball,1,25/04/2022
#football,greece,1,25/04/2022
#football,greatest,1,25/04/2022
#football,greaterthanthegame,1,25/04/2022
#football,gratefuldead,1,25/04/2022
#football,grassrootsfootball,1,25/04/2022
#football,graphicsdesign,1,25/04/2022
#football,graphicdesigner,1,25/04/2022
#football,graphicdesign,1,25/04/2022
#football,grandrapids,1,25/04/2022
#football,gpl,1,25/04/2022
#football,gould,1,25/04/2022
#football,gossips,1,25/04/2022
#football,gopokes,1,25/04/2022
#football,goodvibes,1,25/04/2022
#football,goodcauses,1,25/04/2022
#football,goodafternoon,1,25/04/2022
#football,good,1,25/04/2022
#football,besocial,1,25/04/2022
#football,gte,1,25/04/2022
#football,guardiola,1,25/04/2022
#football,guilty,1,25/04/2022
#football,hardwork,1,25/04/2022
#football,helpus,1,25/04/2022
#football,helpingrefugees,1,25/04/2022
#football,helpinghand,1,25/04/2022
#football,helix,1,25/04/2022
#football,heather,1,25/04/2022
#football,heart,1,25/04/2022
#football,healthiswhatyoumakeit,1,25/04/2022
#football,headlinernation,1,25/04/2022
#football,haskell,1,25/04/2022
#football,hasbeen,1,25/04/2022
#football,harrymaguire,1,25/04/2022
#football,hardworkpaysoff,1,25/04/2022
#football,hardwood,1,25/04/2022
#football,bensimmons,1,25/04/2022
#football,happykids,1,25/04/2022
#football,happybday,1,25/04/2022
#football,happy,1,25/04/2022
#football,happeningnow,1,25/04/2022
#football,hanwell,1,25/04/2022
#football,hangover,1,25/04/2022
#football,hammers,1,25/04/2022
#football,hammarby,1,25/04/2022
#football,haleend,1,25/04/2022
#football,halamadrid,1,25/04/2022
#football,gunners,1,25/04/2022
#football,gujarat,1,25/04/2022
#football,intro,1,25/04/2022
#football,invest,1,25/04/2022
#football,iowastate,1,25/04/2022
#football,kean,1,25/04/2022
#football,laligasantander,1,25/04/2022
#football,lafc,1,25/04/2022
#football,lacounty,1,25/04/2022
#football,labrador,1,25/04/2022
#football,labootleggers,1,25/04/2022
#football,kylian,1,25/04/2022
#football,kwc,1,25/04/2022
#football,kullionwealthcoin,1,25/04/2022
#football,kullion,1,25/04/2022
#football,krautmankicking,1,25/04/2022
#football,kounde,1,25/04/2022
#football,knit,1,25/04/2022
#football,kittle,1,25/04/2022
#football,kits,1,25/04/2022
#football,kit,1,25/04/2022
#football,kirkherbstreit,1,25/04/2022
#football,king,1,25/04/2022
#football,kids,1,25/04/2022
#football,kickoff2022,1,25/04/2022
#football,keyboard,1,25/04/2022
#football,kevin,1,25/04/2022
#football,kessi√©,1,25/04/2022
#football,kerala,1,25/04/2022
#football,kenya,1,25/04/2022
#football,kelly,1,25/04/2022
#football,kelce,1,25/04/2022
#football,keithmoon,1,25/04/2022
#football,lamar,1,25/04/2022
#football,lamp,1,25/04/2022
#football,lanarkshire,1,25/04/2022
#football,learning,1,25/04/2022
#football,letsgobills,1,25/04/2022
#football,letsgo,1,25/04/2022
#football,leisureleagues,1,25/04/2022
#football,leisurejobs,1,25/04/2022
#football,leisure,1,25/04/2022
#football,leicesterroma,1,25/04/2022
#football,leicester,1,25/04/2022
#football,legend,1,25/04/2022
#football,legalisation,1,25/04/2022
#football,leekunitedbuildingsociety,1,25/04/2022
#football,lee,1,25/04/2022
#football,least,1,25/04/2022
#football,leaguewinners,1,25/04/2022
#football,lancashire,1,25/04/2022
#football,leagueone,1,25/04/2022
#football,leadership,1,25/04/2022
#football,lawyers,1,25/04/2022
#football,lawtwitter,1,25/04/2022
#football,lawrence,1,25/04/2022
#football,beast,1,25/04/2022
#football,law,1,25/04/2022
#football,latestnews,1,25/04/2022
#football,lasvegasstrip,1,25/04/2022
#football,large,1,25/04/2022
#football,laptop,1,25/04/2022
#football,language,1,25/04/2022
#football,keeper,1,25/04/2022
#football,kcmo,1,25/04/2022
#football,ipl2022,1,25/04/2022
#football,kclocal,1,25/04/2022
#football,beautifulgame,1,25/04/2022
#football,jermainejohnson,1,25/04/2022
#football,jeanfieldladies,1,25/04/2022
#football,jeanfieldgirls,1,25/04/2022
#football,beckett,1,25/04/2022
#football,jamesonwilliams,1,25/04/2022
#football,jamarrchase,1,25/04/2022
#football,jamaladams,1,25/04/2022
#football,beckham,1,25/04/2022
#football,jaguars,1,25/04/2022
#football,jags,1,25/04/2022
#football,jacksonvillejaguars,1,25/04/2022
#football,jacksonvillejags,1,25/04/2022
#football,jackson,1,25/04/2022
#football,jackrabbits,1,25/04/2022
#football,jacket,1,25/04/2022
#football,ivorycoast,1,25/04/2022
#football,itvnews,1,25/04/2022
#football,italianfootball,1,25/04/2022
#football,italia,1,25/04/2022
#football,isu,1,25/04/2022
#football,istandwithpalestine,1,25/04/2022
#football,issue,1,25/04/2022
#football,isportsrecruiting,1,25/04/2022
#football,isleofman,1,25/04/2022
#football,ireland,1,25/04/2022
#football,iptv,1,25/04/2022
#football,jeru,1,25/04/2022
#football,jesusislord,1,25/04/2022
#football,jet,1,25/04/2022
#football,joshallen,1,25/04/2022
#football,kcchiefs,1,25/04/2022
#football,karnataka,1,25/04/2022
#football,karlfeldtcommunity,1,25/04/2022
#football,kansascitymo,1,25/04/2022
#football,kansascity,1,25/04/2022
#football,beatles,1,25/04/2022
#football,justin,1,25/04/2022
#football,juniors,1,25/04/2022
#football,jsa,1,25/04/2022
#football,beatthosebooks,1,25/04/2022
#football,joy,1,25/04/2022
#football,jovonwhite,1,25/04/2022
#football,jokic,1,25/04/2022
#football,jewelry,1,25/04/2022
#football,jokes,1,25/04/2022
#football,joke,1,25/04/2022
#football,joinus,1,25/04/2022
#football,join,1,25/04/2022
#football,johnsonout91,1,25/04/2022
#football,johnlennon,1,25/04/2022
#football,johancruyff,1,25/04/2022
#football,johancruijffarena,1,25/04/2022
#football,joe,1,25/04/2022
#football,jimmygaroppolo,1,25/04/2022
#football,jimmy,1,25/04/2022
#football,jim,1,25/04/2022
#football,ùóñùóõùóîùó†ùó£ùü≠ùü¨ùó°ùó¶,1,25/04/2022
